1	Justin	Baterip	1971-04-14	Male	52.140.115.228	91747.65	591-93-3792	780640358438565
2	Zea	Colebrook	1989-12-17	Female	219.93.253.116	129854.37	319-90-6807	1639032491198782
3	Andrew	Ingrey	1983-09-23	Male	162.105.97.188	92214.57	469-60-4643	8918917246950135
4	Lee	Beelby	1956-07-24	Male	10.122.201.84	195337.42	892-57-6933	8218745689355289
5	Hanson	Narracott	1953-11-05	Male	70.175.100.162	51171.49	365-14-2575	9460846608551485
6	Brigham	Fitzroy	1956-03-09	Male	140.14.166.48	130100.49	619-69-1783	6155571149490911
7	Sol	Leggon	1965-03-28	Male	130.136.116.253	74292.67	247-38-2879	9229969456842012
8	Aksel	Stealey	1974-02-11	Male	69.109.124.161	19313.08	120-19-6165	5340971290586751
9	Hedda	Goosey	1972-02-15	Female	245.206.211.242	140654.01	487-68-9877	7166125421421714
10	Reina	Hardes	2001-10-20	Female	246.177.45.136	96145.04	853-22-7274	2163543487133303
11	Beatriz	Whorton	2000-06-05	Female	18.160.244.225	36918.04	296-52-3225	1738767481157681
12	Annetta	Sapena	1977-02-16	Female	253.71.19.238	178751.81	805-98-8329	9945776665424366
13	Amelita	Weiss	1926-05-25	Female	72.244.254.115	99785.84	783-23-0896	5395856908371241
14	Wittie	Habble	1967-05-02	Male	201.46.174.162	26319.21	237-17-1739	1796395161957165
15	Brand	Waghorne	1941-05-25	Male	234.181.203.51	65631.05	603-87-5815	4654162340410412
16	Dallon	Killingbeck	1982-12-11	Male	25.197.234.164	48545.60	582-09-8790	457541098850332
17	Etheline	Chadney	1940-04-06	Female	100.117.136.203	104035.80	275-77-6893	4751199438152218
18	Harbert	Ramsted	1986-12-16	Male	40.211.242.81	163428.46	735-55-5482	7150971123693106
19	Harland	Munning	1944-04-01	Male	42.106.101.117	108133.47	794-16-3276	9042884201928810
20	Celeste	Winslett	1993-02-11	Female	220.2.60.16	150058.92	497-76-6033	8913248315529335
21	Clark	Simonassi	1975-12-16	Male	236.117.96.156	42622.44	895-67-5935	1889617951242709
22	Doreen	Tym	1953-08-15	Female	32.134.207.179	81646.69	820-41-3679	4657771911406976
23	Maribel	Woofendell	1994-03-08	Female	131.32.194.60	132454.67	109-47-4486	4983533544582628
24	Augustine	Gianiello	1997-06-19	Female	177.69.86.213	146113.35	634-11-6395	5788290519646755
25	Morgun	Skitral	1974-08-09	Male	180.242.198.93	39994.93	544-18-2038	6770310727793231
26	Hersh	Wanless	1959-02-07	Male	191.164.159.154	104023.08	389-71-8692	6106472734469705
27	Mata	Macvain	1991-01-20	Male	235.168.17.146	157551.84	169-43-1353	164448111446749
28	Yasmin	Smedmoor	1944-09-16	Female	192.24.178.233	57215.07	595-25-0528	9117037753952728
29	Riobard	Widdecombe	1988-08-19	Male	211.5.55.48	78338.90	320-75-9538	9165952633469609
30	Deni	Oldaker	1970-04-26	Female	57.187.156.156	141752.78	203-45-6900	8528067184872894
31	Sephira	Jain	1931-12-27	Female	68.4.89.50	139213.98	589-32-0069	978003236429405
32	Drucill	Habgood	1975-07-18	Female	35.195.14.177	161121.74	258-08-5878	8018427597863399
33	Mauricio	Staton	1928-04-23	Male	61.110.238.159	71927.10	269-98-1623	9604651448713863
34	Cate	Tatnell	1952-06-22	Female	152.120.15.229	77842.68	823-83-5675	1060686119523004
35	Giffie	Cargon	1956-05-11	Male	124.182.15.135	176929.63	862-27-6198	2496610109313034
36	Reynolds	Benzing	1930-01-20	Male	202.41.152.202	178446.82	526-31-5088	2944033993690784
37	Ingrid	Hasard	1946-03-02	Female	83.22.21.175	20280.25	650-12-4991	1637937207868624
38	Gisella	Aleksankov	2001-07-13	Female	57.253.221.182	28325.63	414-04-4823	9846568842295642
39	Carly	Maxstead	1949-04-03	Male	193.170.59.20	190986.93	308-25-7751	4912075520451898
40	Herc	Stamper	1982-12-05	Male	161.238.213.226	166088.30	286-12-1655	9790599890719175
41	Siana	Grogan	1939-07-08	Female	21.26.105.185	41380.07	190-79-9784	6066655637070858
42	Suzie	M'cowis	1945-02-23	Female	246.34.142.236	194642.53	871-04-9435	444448522699270
43	Amery	Liptrot	1955-07-17	Male	73.251.107.29	33845.57	567-88-1407	215886118418494
44	Corella	Leidl	1950-05-17	Female	97.191.234.89	117434.31	612-82-3610	6841719736177528
45	Ambrosi	Bertenshaw	1967-07-05	Male	233.96.46.37	25179.17	132-53-6229	649242723835145
46	Yancey	Treadgall	1936-05-01	Male	84.199.16.68	155715.31	758-85-5705	544791739614296
47	Kenon	McLucky	1973-04-21	Male	215.8.168.140	157779.12	508-24-3181	4577754957174245
48	Dore	Dytham	1930-11-13	Male	2.131.137.119	185397.51	376-10-4794	4482623208520707
49	Marlyn	Cornilleau	1970-02-08	Female	78.159.223.206	150321.25	564-37-3866	1360568750204820
50	Billy	Trevallion	1985-05-22	Male	161.122.49.144	108463.64	476-01-2999	3477024092995300
51	Darcy	Tremouille	1923-03-17	Female	8.199.136.199	51030.38	359-55-1095	6723238951030076
52	Nana	Keasley	1993-08-24	Female	126.44.164.177	81561.32	283-24-5595	9778611377183687
53	Sherie	Llewhellin	1968-11-22	Female	227.97.161.244	94148.00	410-89-8741	2182350536173473
54	Leigh	Gardiner	1967-11-21	Female	75.112.252.238	49227.55	385-42-7615	1956349029623127
55	Neila	Habert	1949-01-25	Female	147.33.35.193	194371.45	185-66-2570	5485013602724372
56	Edd	Golightly	1935-05-05	Male	46.172.54.13	184169.90	680-65-7796	5425369208562803
57	Brandea	Velden	1976-08-11	Female	95.211.211.203	63536.21	777-18-6792	3401161274453973
58	Lin	Fust	1989-09-21	Male	174.213.1.15	107863.45	330-48-7842	6322978139458086
59	Willa	Perocci	1994-04-20	Female	12.149.63.66	160614.12	567-65-2643	7339046283804588
60	Gertruda	Ettritch	1958-04-12	Female	103.34.80.83	61095.50	364-09-9999	5426040419077750
61	Farand	Lembrick	2000-04-16	Female	252.59.5.240	100983.72	632-96-7240	2256573906789549
62	Gusty	Portsmouth	1944-06-13	Female	119.28.238.180	96159.68	289-45-0006	8865759064267812
63	Sidney	Perle	1960-04-02	Male	248.117.58.88	134399.68	671-83-6938	8027266241187899
64	Rickert	Pike	1954-03-03	Male	130.25.41.129	36599.19	641-55-5679	5091420580990657
65	Janetta	Nurcombe	1980-09-21	Female	227.174.209.152	87908.14	418-63-9787	2519172300576138
66	Hally	Di Napoli	1927-10-10	Female	71.105.40.208	116228.95	328-25-3465	2505050526375177
67	Viv	Roman	1969-08-02	Female	141.235.61.171	198648.91	432-54-3726	4950067303496715
68	Donny	Braunton	1933-05-08	Male	53.40.145.215	114259.65	769-18-2968	8382659972609670
69	Ado	Limprecht	1926-12-23	Male	177.219.94.54	98759.68	650-96-3399	6715805723197209
70	Loy	Scurrer	1983-04-14	Male	80.92.22.88	72122.76	785-82-3165	9540590500073843
71	Peirce	O' Cuolahan	1973-07-22	Male	47.23.135.4	109917.09	386-54-0616	4359175252175760
72	Tracee	Breming	1972-08-16	Female	241.174.242.6	190755.37	669-18-5058	6831986194765892
73	Corrinne	Seamons	1921-04-11	Female	50.157.244.178	191613.70	845-26-1625	8737517710890227
74	Damiano	Bindon	1986-04-29	Male	63.226.104.244	20284.98	712-99-7149	7830734160657204
75	Davina	Franklin	1967-12-31	Female	214.0.220.28	57030.46	567-69-5186	7499130151679603
76	Wynn	Mixture	1970-03-27	Male	179.236.173.135	191933.13	677-04-9390	9881795083431244
77	Pennie	Mechell	1922-03-01	Male	60.206.110.152	56518.78	395-66-1384	6005935234702893
78	Tobe	Beneze	2000-11-16	Female	147.31.50.144	74060.31	754-76-3230	6239951436732398
79	Charo	Fabri	1964-09-14	Female	42.120.135.154	161402.59	529-15-2583	3198041211530828
80	Alley	Bullion	2000-07-27	Male	233.216.190.23	105462.86	440-85-6898	2498667428215297
81	Olly	Geke	1954-02-27	Male	217.206.218.164	81835.53	184-61-5882	8532038858413937
82	Camile	Doerrling	1958-11-19	Female	53.101.196.21	183487.80	556-91-6684	4628079387618607
83	Maggee	Bittlestone	1948-10-22	Female	184.224.62.163	55029.96	809-79-7181	4920653305422102
84	Creigh	Alliban	1960-05-21	Male	155.241.200.2	34862.26	410-06-2573	6492867626297429
85	Janean	Kingcott	1940-11-28	Female	255.68.66.35	144060.51	490-85-2280	629329709574939
86	Augusto	Dunderdale	1968-02-22	Male	133.198.180.31	108179.43	238-55-6451	3807186044973667
87	Remington	Torbeck	1921-12-29	Male	117.177.193.249	119415.62	764-89-9770	97000924809537
88	Lila	Allabush	1955-04-24	Female	217.244.154.27	95399.10	128-63-3451	6432980415665498
89	Davidson	Hedney	1981-10-15	Male	192.243.136.97	123041.16	818-49-7914	592559595315296
90	Alphonse	Morgon	1974-10-24	Male	118.236.64.92	110057.23	888-27-4426	4093123892377713
91	Dacia	Kelk	1996-02-04	Female	21.138.106.0	167809.21	197-23-9275	7577297224486339
92	Timothy	Ranscombe	1996-09-01	Male	101.85.0.128	43797.92	708-85-3399	1061301439799094
93	Berke	Zecchini	1935-12-20	Male	4.185.166.192	93695.57	698-16-4022	1815414663329889
94	Weylin	Tatlow	1949-07-10	Male	118.118.54.237	178506.46	629-36-5483	9335681475658914
95	Marlyn	Lethem	1918-04-20	Female	183.237.206.250	176948.30	695-15-4816	2629282639963061
96	Nedi	Omand	1926-01-14	Female	196.72.1.193	61752.34	762-36-5580	8266386289090441
97	Tana	Bartke	1926-07-10	Female	202.127.210.54	30299.92	238-63-9332	713982934101338
98	Meggie	Giff	1930-12-08	Female	227.245.212.175	84466.99	596-40-5138	4664851123700164
99	Nickolaus	Wykes	1917-08-18	Male	16.50.83.64	19100.66	222-24-5475	3056020306693877
100	Reube	Ratlee	1926-03-25	Male	155.61.177.53	185946.31	207-71-8062	6782240323344752
101	Aleen	Samways	1970-10-03	Female	204.21.2.67	146245.16	616-25-5231	6498280627976221
102	Theo	Crack	1931-10-05	Male	170.118.109.43	193413.29	193-39-0059	6796237965172098
103	Pernell	Shufflebotham	1959-10-13	Male	221.138.214.24	79348.30	729-79-1276	6877474085601933
104	Benyamin	Sanchez	1945-04-08	Male	1.66.113.242	131728.16	703-39-3598	4287259887986126
105	Clarence	Feldmesser	1925-08-20	Male	38.230.65.166	75168.79	240-97-1424	398902421038784
106	Calida	Vasin	1934-03-09	Female	62.23.44.27	79807.29	711-21-1947	6848684312068889
107	Merrily	Craik	1959-01-16	Female	247.69.135.111	25369.91	869-20-3722	4304468523619684
108	Aldis	Dangl	1959-02-10	Male	148.90.110.125	181953.78	751-73-3336	3870740674650766
109	Andi	McPherson	1950-03-28	Female	135.225.186.11	162934.67	726-77-0091	3901656173650877
110	Teddy	Abazi	1930-10-14	Male	226.14.211.60	56544.21	701-20-4679	8571416318472944
111	Zaccaria	O'Lochan	1949-10-08	Male	213.238.116.102	186492.13	335-16-0523	7638367211687601
112	Garrek	Rowbotham	1965-03-09	Male	59.95.230.240	36587.15	354-70-3325	2785527566469377
113	Aksel	Gresham	1950-12-26	Male	228.126.191.232	96245.84	690-59-1096	8903065922452105
114	Michele	Pattington	1949-12-20	Female	184.105.253.93	191775.54	309-33-9258	2772816053338323
115	Teodor	Gross	1952-12-07	Male	8.153.213.79	133081.28	287-28-0020	528219808016747
116	Leona	Bonhan	1974-07-25	Female	85.198.97.66	73216.38	541-49-0570	7685464704497781
117	Gaylord	Schwandt	1992-02-26	Male	172.140.218.238	62276.10	792-23-3563	2392233438785726
118	Maurits	Ure	1954-01-05	Male	199.144.227.82	146049.99	832-49-2170	9648878234221576
119	Frederico	Probet	1973-11-03	Male	247.184.186.240	197382.34	873-88-9018	6507943931723422
120	Swen	O'Neal	1987-10-05	Male	214.241.220.242	146360.40	580-63-1152	1420932695163545
121	Annabal	Rycroft	1940-07-12	Female	70.32.66.152	169035.90	813-16-1715	6694594917585313
122	Guntar	Burrett	1988-12-08	Male	16.4.133.95	108032.08	148-62-0431	3092511084221496
123	Andy	Duly	1964-02-25	Female	227.128.48.200	155220.03	379-79-1108	3381851112299800
124	Arlene	Polo	1990-08-10	Female	166.45.155.169	79546.54	540-76-7411	568033090907794
125	Micheal	Slucock	1987-01-12	Male	79.12.2.214	187942.77	826-36-5958	5828463066395561
126	Allayne	Stoggles	1941-11-21	Male	37.163.6.102	86088.96	335-65-3509	3951772353843709
127	Pammy	Angerstein	1925-01-14	Female	34.205.97.165	17345.59	297-25-9899	6061857778532343
128	Chelsie	Baldry	1999-04-07	Female	32.236.219.142	138716.75	678-88-9096	1249348612705450
129	Micheline	Behneke	1996-03-28	Female	18.174.250.217	148531.64	249-31-5272	9301629485116364
130	Friedrich	Durtnal	1976-02-18	Male	217.49.148.252	107294.54	215-25-7696	5945103563959655
131	Wendy	Esslemont	1917-05-02	Female	201.243.181.32	49149.08	673-24-9477	6245429741843673
132	Lauraine	Boxe	1981-04-29	Female	50.209.11.10	64785.63	597-41-5060	5337850000168911
133	Harri	Luipold	1964-05-25	Female	183.248.96.227	28752.39	834-71-2812	7209341041397213
134	Susanna	Scanderet	1934-02-21	Female	178.201.235.225	64267.75	380-27-8164	63293739820745
135	Ranna	Bathow	1958-08-04	Female	91.108.132.185	45770.73	266-02-5030	7193282580287072
136	Imogen	Musprat	1984-04-01	Female	169.47.223.185	148470.18	644-27-5792	1110107516234066
137	Ulick	Dowdell	1927-06-24	Male	1.80.244.100	95359.38	740-03-8699	164767255446698
138	Milzie	Dowsing	1992-05-01	Female	130.179.50.203	65209.39	598-17-8275	2640447788987673
139	Loreen	Falkingham	1975-04-23	Female	85.172.146.194	93149.67	178-39-6380	4456195653549478
140	Hortense	Seefus	1977-09-26	Female	2.27.14.22	151739.92	841-68-9464	2741525565904335
141	Leicester	Thorne	1926-12-04	Male	196.205.197.115	135973.06	302-38-2522	3093126584877741
142	Priscilla	Becconsall	1942-09-27	Female	67.177.19.242	164627.15	860-33-7830	2953520923970239
143	Perle	Ebourne	1984-12-26	Female	168.239.162.67	95625.12	353-88-0093	9400897962877087
144	Thedric	Gaudin	1953-08-18	Male	28.118.194.106	137624.29	750-83-9675	2464969996948904
145	Loreen	Pitman	1967-11-21	Female	186.236.150.42	114556.17	297-18-4264	3599605457922403
146	Murial	Treend	1918-09-26	Female	71.150.178.60	175872.71	731-21-0062	7005036449248299
147	Kathryne	Cappell	1981-01-09	Female	167.45.87.49	104648.29	888-70-2635	418633073646048
148	Ania	Collopy	1952-08-02	Female	208.130.139.114	56674.51	880-57-6090	2448241132635036
149	Jarrod	Daintry	1927-08-29	Male	27.140.103.20	108686.80	884-50-8402	4435401887952226
150	Lindi	Jouen	1937-12-22	Female	200.4.209.140	145109.88	727-72-9942	8725501648637241
151	Craig	Doohan	1969-03-10	Male	29.217.210.142	196240.84	375-28-3790	7027645123567977
152	Pasquale	Lowthian	1982-05-26	Male	95.101.236.22	123997.48	373-44-0517	2297626410744361
153	Northrup	Glover	1947-05-25	Male	107.17.42.5	190498.18	169-81-2528	2658239863970487
154	Amie	Thorp	1925-06-07	Female	171.208.139.221	53075.31	187-98-6299	1581916124147289
155	Penrod	Milmoe	1993-11-17	Male	104.41.231.57	193218.89	561-76-5098	415386339743340
156	Arnuad	Delgadillo	1936-10-19	Male	218.119.7.206	43995.43	552-62-5540	866483582383315
157	Kane	Jordine	1942-07-03	Male	162.209.214.178	28100.45	145-16-4556	4348683405383061
158	Vallie	Flanders	1955-05-21	Female	250.18.46.205	166256.32	667-18-7355	4529645704980657
159	Auberon	Aylett	1939-11-12	Male	254.208.91.150	29972.86	390-01-7589	3763823182343940
160	Alyss	Di Francecshi	1949-01-06	Female	24.107.20.225	80875.28	320-64-3961	7436887046470579
161	Tobey	Olenchenko	1998-09-13	Female	28.93.217.106	132652.73	230-77-1513	4954397294126464
162	Zorina	Meaders	1988-06-13	Female	11.218.178.211	69110.61	665-91-9407	6493680508402596
163	Gaelan	Karlmann	1938-01-12	Male	175.196.69.235	182380.76	575-06-8329	5268325991778491
164	Garreth	Hymans	1947-09-24	Male	159.118.61.141	87826.83	784-47-8393	7727614237917565
165	Paton	Le Brom	1995-12-28	Male	76.236.5.219	119325.29	335-98-8267	8474679899764877
166	Al	Sparry	1931-12-04	Male	81.161.102.109	27713.44	549-65-2329	1136356953126148
167	Herold	Vines	1993-01-15	Male	39.191.177.27	94180.36	590-93-3101	8069595185618358
168	Shamus	Shiel	1924-10-27	Male	222.217.137.165	51122.37	568-98-4982	4735532971897366
169	Quillan	Swin	1972-05-04	Male	188.247.164.82	190716.80	287-44-9514	4902338358652425
170	Valentino	Izard	1994-04-18	Male	154.85.80.179	88394.21	751-77-9097	4940997254813062
171	Catlee	McHugh	1945-01-03	Female	189.182.125.203	179047.92	536-44-0145	9291793400878266
172	Livvyy	Issacof	1918-06-24	Female	133.218.91.243	100514.89	823-32-8742	1814284092432607
173	Faustine	Dyter	2000-06-07	Female	25.203.225.55	55788.83	444-50-1740	8736657148224611
174	Korry	Berkeley	1956-10-30	Female	225.212.35.9	49852.66	348-41-5785	6798874163887099
175	Freedman	Seery	1956-02-19	Male	184.126.235.101	39265.23	629-47-1451	1049540655473003
176	Renata	Stolz	1971-04-27	Female	62.26.51.156	95292.27	888-50-0241	9556078392913005
177	Valeda	Dew	1942-08-21	Female	222.37.3.248	118338.17	141-45-0355	4003760390399952
178	Rollins	Ferrini	1986-11-17	Male	160.73.23.221	116428.46	615-08-3235	912106301741600
179	Jean	Duncan	1930-09-02	Male	192.6.206.161	177860.25	713-72-2372	4574004978887595
180	Ilario	Mackinder	1951-10-31	Male	5.32.238.147	108986.58	765-45-5356	9276864327498046
181	Irina	Henstridge	1934-03-24	Female	121.196.215.225	15570.68	531-32-5878	8330659403720317
182	Breena	Guinnane	1928-04-24	Female	240.54.110.204	151309.20	504-37-9326	979854717220108
183	Anni	Scrimshire	1930-03-30	Female	168.169.43.243	103126.42	472-01-5926	8082067373186889
184	Alejandra	Hardi	1930-06-16	Female	209.61.170.114	65266.20	686-98-7338	6913353822855709
185	Mia	Hulbert	1929-04-14	Female	177.232.195.17	137982.08	613-99-6378	6020112105199030
186	Janine	Matisoff	1944-08-04	Female	34.179.103.3	51653.54	637-47-9042	3019495403894833
187	Silvana	Grundell	1965-04-27	Female	23.114.63.51	97796.70	854-72-1728	1899202900040823
188	Marna	Feldstein	1957-12-12	Female	218.138.145.88	102047.94	684-68-2992	2443375139922309
189	Gwyn	Emblin	1989-08-14	Female	132.112.41.9	173244.89	815-77-3024	1382839894426790
190	Edgar	Risebarer	1956-04-06	Male	62.151.41.2	186575.71	104-43-6607	303911452990257
191	Millard	Sawart	1953-07-03	Male	119.137.68.113	20321.78	123-80-2683	631526314735115
192	Hersh	Bulter	1946-03-01	Male	22.91.124.106	107157.50	126-91-0915	5604915253539568
193	Duff	Maureen	1967-12-19	Male	98.184.62.137	100448.55	381-73-6178	3817018624695140
194	Winny	Edgin	1956-03-09	Female	195.49.165.138	38587.32	641-87-9378	8202533341713651
195	Alwyn	Lindeberg	1922-05-23	Male	47.75.17.79	60917.09	541-14-5126	1176107114133150
196	Lotte	Cockman	1919-04-12	Female	134.232.110.253	153225.19	265-99-3102	4701028252185263
197	Peria	Thomasset	2000-02-19	Female	25.229.217.229	193999.23	113-71-5579	449957924517256
198	Georas	Strete	1946-01-29	Male	34.216.50.75	36770.90	669-83-5191	3893582209999110
199	Winn	Demead	1933-06-02	Male	145.223.125.133	185295.97	138-29-6710	3242380219169641
200	Adina	Velasquez	1923-07-14	Female	205.23.213.104	107939.90	624-14-3045	8143291438288412
201	Klarrisa	Roddy	1944-01-03	Female	68.160.191.9	141884.56	689-50-9914	2735607840420169
202	Karlee	Nowland	1957-04-30	Female	7.71.217.255	72177.46	207-07-8107	9028747227559790
203	Gordon	Kharchinski	1963-01-04	Male	84.168.212.53	65783.62	799-86-8728	4106796386489541
204	Ulla	Maxsted	1929-04-24	Female	198.228.222.225	70482.41	851-97-6686	5801419289945739
205	Kristin	Hyams	1926-03-04	Female	96.91.83.21	152044.99	432-88-4215	3366962376849062
206	Heddie	McCutheon	1998-04-02	Female	125.223.139.34	30768.64	468-68-3893	9178487675419068
207	Lemmie	Helleckas	1964-11-17	Male	22.2.100.12	21457.93	167-35-6226	9541543591260445
208	Christian	McAtamney	1942-12-29	Male	205.183.76.2	67619.99	618-05-0938	8761529548291690
209	Ilene	Sire	1997-08-25	Female	29.208.238.0	80506.41	773-29-5697	3067150163594467
210	Price	de'-Ancy Willis	1982-04-09	Male	245.210.42.9	45725.77	412-52-2896	8173258013872347
211	Madalena	Wenzel	1917-06-12	Female	140.209.188.50	175058.58	194-06-2448	8422504214975411
212	Jacquelynn	Grinnov	1974-07-11	Female	57.203.191.27	56966.63	283-36-6354	4236600730831078
213	Gilli	De Bischop	1978-05-14	Female	26.78.35.224	23526.91	701-86-9752	403431681078597
214	Mirilla	Blackmuir	1966-10-24	Female	113.5.254.28	111654.28	482-81-3713	6805394981517123
215	Teddi	Gasken	1970-06-01	Female	227.87.58.241	96942.36	257-60-9132	5428158605637010
216	Cherin	Lude	1943-04-04	Female	215.237.240.240	187710.23	132-55-8169	2926728995907212
217	Berky	Fortesquieu	1972-03-09	Male	226.106.15.32	21571.68	723-03-5285	5357696419155201
218	Teresita	Esland	1980-11-19	Female	62.232.21.115	155222.56	637-66-7886	6732586521221176
219	Lyndy	Cheley	1965-03-12	Female	227.170.250.185	141830.16	377-31-7044	3112098853563613
220	Pace	Hodgen	1917-10-13	Male	157.13.202.125	60367.39	466-87-0092	8043543660993273
221	Bab	Perot	1988-04-06	Female	48.43.227.197	141900.85	350-67-8108	3714780063470115
222	Galvin	Pauler	1946-03-15	Male	24.91.254.3	184951.73	495-76-9007	6139375644854604
223	Giovanni	Minchell	1924-04-21	Male	203.25.100.214	27857.52	675-89-4847	6376163100483472
224	Hedda	Pignon	1983-06-20	Female	244.72.232.97	119542.05	323-11-6699	8484098828815673
225	Read	Reffe	1991-12-29	Male	44.25.65.238	97920.05	807-52-1896	7724561707725346
226	Stephen	Chevis	1923-01-01	Male	90.150.89.249	120066.82	494-24-7256	5805061506521705
227	Bud	Sirkett	1949-11-06	Male	228.162.254.208	145902.93	313-47-6075	4919425049748531
228	Ceciley	Mishow	1978-10-08	Female	6.190.213.29	45091.89	769-17-2974	1256418244050500
229	Polly	Coslitt	1974-11-15	Female	168.167.125.76	56810.32	663-95-2026	4019973661142095
230	Alexandr	O'Keeffe	1971-03-12	Male	227.135.107.85	55703.38	559-50-3394	6939828584808765
231	Viole	Cissell	1993-01-19	Female	161.235.249.119	45858.79	407-70-2633	3379211952297574
232	Bendicty	Jeandin	1978-06-24	Male	57.122.36.187	145460.19	640-07-2908	2306293706433823
233	Tamas	Rockcliffe	1978-11-14	Male	121.11.238.1	29973.78	500-52-8990	3998024785531661
234	Artie	Shepley	1982-09-08	Male	191.119.73.52	99196.09	753-26-7557	7734906561807993
235	Bear	Tuxwell	1928-07-24	Male	210.166.36.112	87309.91	591-42-4307	4074222732109132
236	Kendal	Micheau	1974-06-21	Male	12.234.141.114	90455.62	171-52-1813	8886724842845861
237	Philippa	Wilcox	1992-03-03	Female	153.229.48.157	134723.26	403-88-7626	4407361545344228
238	Niels	Haggarth	1997-02-23	Male	133.195.172.249	104408.29	287-59-7941	884632884177738
239	Bonnie	Coverdale	1981-05-14	Female	237.165.247.153	97317.00	247-89-8187	1794814899759483
240	Raul	Copyn	1938-10-09	Male	132.248.3.95	99959.89	719-06-5766	6989691602428521
241	Noll	Giorgeschi	1978-11-03	Male	92.146.217.90	26446.42	713-67-9012	7809573972477593
242	Cindee	Blankley	1927-03-24	Female	194.181.237.190	65562.82	747-26-7585	1501264387904337
243	Wally	Officer	1994-12-26	Female	207.78.111.120	168688.53	137-03-8358	6574521752554598
244	Lanny	Dauncey	1936-04-22	Female	137.154.243.243	180455.97	446-20-6735	4402844134724564
245	Ange	Mallender	1932-12-02	Male	104.12.62.214	39119.65	175-88-0711	9933827844742027
246	Gael	Filippone	1932-01-18	Male	56.42.247.205	96156.61	460-95-1933	487136959984312
247	Anny	Antoney	1953-01-24	Female	169.180.107.25	111770.16	181-46-1747	9072616128106419
248	Sheridan	Agastina	1941-12-12	Male	138.47.127.45	142981.88	117-33-8561	7463161804406367
249	Madeline	Lesser	1977-11-02	Female	107.100.204.245	80111.67	118-76-2996	3601862640768872
250	Yank	Lorkins	1941-05-30	Male	132.104.223.208	17616.86	704-75-5121	763205747842985
251	Ty	Bather	1992-08-08	Male	236.163.163.239	151287.24	615-17-8533	7894214583762627
252	Gerta	Gallihaulk	2001-05-15	Female	65.94.230.69	32122.43	487-15-0895	5784015195125955
253	Red	MacIntyre	1938-04-09	Male	176.212.26.96	115040.97	501-54-4170	9968830822875163
254	Celie	Wahlberg	1996-02-08	Female	170.159.164.64	166095.69	409-50-3220	1628073627154627
255	Shoshanna	Duplan	1941-11-30	Female	14.75.191.96	46260.67	639-71-7217	6762193622899890
256	Sergei	Mustoo	1925-08-23	Male	193.178.5.10	175841.98	458-37-1428	6197395707566652
257	Latashia	Ricciardello	1954-02-26	Female	92.159.100.241	101330.21	531-72-6880	5419615645266893
258	Darleen	Bogart	1963-05-19	Female	138.162.180.148	59223.89	177-65-9254	2601623980245952
259	Renae	Gladdor	1999-05-03	Female	168.71.212.179	154506.40	875-51-2771	2138649656778250
260	Meyer	Kingsbury	1976-03-10	Male	83.40.232.52	115844.97	588-48-7891	2695935468252861
261	Wyndham	Jellett	1978-05-18	Male	135.168.175.169	163277.13	469-76-3555	4115845727627343
262	Harlie	Leng	1931-06-14	Female	46.110.27.68	194691.08	527-50-3023	9622952411642638
263	Franny	Duding	1950-10-01	Male	111.242.75.148	61585.47	467-83-7922	4358332021260464
264	Karlik	Lorent	1965-02-08	Male	166.249.221.137	198604.52	313-21-9352	1996317413273979
265	Happy	Dimmer	1929-10-19	Female	32.169.79.35	21304.61	847-42-0569	3993591880318587
266	Lorenzo	Sheather	1946-02-03	Male	141.209.85.134	118123.08	249-52-3523	529404881204212
267	Carmelia	Fairlam	1978-12-12	Female	116.213.125.177	54443.14	414-03-0955	8517628177425565
268	Giselbert	Padilla	1932-06-01	Male	178.191.177.157	78670.37	419-46-2254	1581945024281819
269	Reynard	Dumphries	1975-12-10	Male	62.133.158.97	87862.43	128-75-2639	7613072132239691
270	Joey	Halahan	1930-05-09	Male	42.155.206.11	140913.62	449-39-0443	6828020448185738
271	Pooh	Enden	1960-12-10	Male	77.58.146.29	154731.46	276-47-2219	932396446737824
272	Tabbie	Austick	1929-01-11	Male	190.49.207.251	97721.13	147-99-5569	2134652491603033
273	Ezmeralda	Mansford	1929-02-05	Female	38.124.245.71	119985.70	737-79-5644	8210324283433148
274	Trevor	Peet	1965-10-07	Male	16.65.1.169	33566.10	486-52-6686	9682559194064541
275	Neila	Tappington	1922-09-06	Female	109.236.104.23	90277.27	640-71-8028	3414009466892570
276	Sebastiano	Redley	1952-05-08	Male	113.8.239.71	36957.81	459-13-4187	7807136536912697
277	Alick	Bahl	1995-05-21	Male	57.97.53.20	150964.55	613-60-6118	1786344266187678
278	Janean	Cleverly	2000-10-02	Female	219.19.192.61	72156.43	170-99-4780	7803152488056065
279	Rodge	Fullard	1980-10-06	Male	66.145.185.75	124517.80	424-02-9030	466803995102333
280	Eal	Adel	1987-12-05	Male	195.214.151.191	78359.12	564-28-8789	342262562382309
281	Lucienne	Coda	1947-10-27	Female	140.52.115.145	46783.65	740-36-9746	9953394901921404
282	Merralee	Fearfull	1951-05-15	Female	155.34.47.160	70044.61	616-36-0369	1340430498095500
283	Bernardine	Deely	1995-08-07	Female	114.10.52.114	154950.29	716-59-9257	8058219055613196
284	Nikkie	Mc Andrew	1960-01-17	Female	154.122.240.0	140526.02	469-37-4082	8731697665761587
285	Calla	Calf	1969-12-07	Female	227.95.216.58	97605.16	305-28-8967	6251201151491863
286	Olympia	Brocking	1963-03-11	Female	249.11.220.215	140567.63	502-63-5492	3292780100541190
287	Dulciana	Grishakin	1994-05-21	Female	253.74.126.64	111353.39	663-34-1027	9437932592905553
288	Nataline	Fass	1964-11-19	Female	70.236.96.134	186582.29	158-50-3705	2906835739989162
289	Elyn	Candwell	1974-03-30	Female	122.121.110.182	166374.53	132-47-0758	4361082408794636
290	Isabelle	Hammond	1996-05-21	Female	129.179.102.216	135592.30	402-41-8696	8279083180974241
291	Lynett	Pickrill	1930-04-01	Female	191.74.30.194	145807.03	894-90-1875	3705340833836971
292	Town	Benny	1934-11-23	Male	151.64.245.80	197246.19	897-22-5887	1841492527429352
293	Welby	Duckham	1943-09-03	Male	124.29.92.183	160647.64	328-26-2326	1802185234502774
294	Darleen	Brickell	1942-12-07	Female	34.222.35.109	36941.93	725-31-5975	6735399736555301
295	Joelle	Coplestone	1969-12-08	Female	224.48.83.38	73306.89	109-60-1235	1625491786436229
296	Salomo	Knibbs	1932-03-30	Male	170.118.77.246	75937.47	482-67-2916	3180428112070958
297	Lee	Galtone	1971-01-31	Female	66.59.23.43	138994.72	284-68-4996	2112273521948129
298	Tiffy	Pariss	1980-01-01	Female	153.17.159.36	27527.48	107-60-8639	7716869107196530
299	Gabriel	Scoffins	1965-02-19	Male	13.36.202.110	184213.10	510-05-4011	1051032356385804
300	Lark	MacLese	1999-06-03	Female	215.46.76.38	124085.15	815-71-3132	3107962478706061
301	Cilka	McAlroy	1942-05-13	Female	239.246.251.93	61856.96	572-41-5701	8954989418638537
302	Marylou	Berzins	1959-09-19	Female	69.149.216.200	47103.45	678-89-2428	3221564917843945
303	Alon	Saywood	2001-01-05	Male	156.95.123.194	39907.59	631-78-7168	172628679743565
304	Gael	Schlagh	1957-04-24	Male	21.112.140.94	74952.19	195-30-5786	9363419153401431
305	Alexei	Gratrex	1974-04-04	Male	206.218.91.13	162291.56	272-70-8762	6764007598306242
306	Ursuline	Vales	1991-05-27	Female	170.75.52.14	172362.16	592-88-2030	6142419306172507
307	Selle	Ormston	1929-09-11	Female	50.166.9.163	99612.62	775-28-1750	1349985744744590
308	Regan	Danforth	1965-02-08	Female	65.126.244.71	81881.38	272-24-7517	185685315331069
309	Collete	Bowness	1934-09-14	Female	194.67.148.158	27913.87	634-84-7271	406702767594907
310	Joey	Vigne	1954-08-12	Male	81.18.178.107	43935.35	746-57-1655	9556746552429712
311	Juliane	Blunderfield	1943-12-04	Female	63.154.157.162	114755.59	772-41-6101	4517609112627184
312	Hamnet	Blasi	1951-01-19	Male	111.17.45.24	178555.58	760-31-8816	4750730025699362
313	Ingelbert	Gerring	1976-05-29	Male	223.185.32.212	79774.36	140-96-5993	156861188407584
314	Joni	Iuorio	1940-08-23	Female	63.245.253.80	53871.99	769-21-2643	4530806102961377
315	Orelle	Bruhke	1992-12-12	Female	223.229.247.238	133447.24	262-19-2056	5612369339171297
316	Pietrek	MacAllan	1924-12-18	Male	81.79.1.159	126641.02	621-77-9501	9326567350697333
317	Jason	Wenderott	1965-10-30	Male	12.92.47.117	181434.17	647-87-8069	7906723108397217
318	Ellsworth	Jackson	1934-11-17	Male	115.35.6.159	43100.74	128-34-2172	4856409019621755
319	Deni	Sellack	1939-02-15	Female	208.21.53.40	136782.76	681-21-7846	5896216931644276
320	Saxon	Earlam	1956-12-09	Male	50.192.37.156	182446.39	376-52-0741	4764092483258669
321	Baxy	Fincher	1963-02-23	Male	55.94.229.67	33332.05	590-27-4756	6178216886436801
322	Heriberto	Macek	1994-03-15	Male	19.246.130.45	155017.69	778-57-4749	6258756875708568
323	Benyamin	Koopman	1971-07-14	Male	248.157.236.214	62433.03	426-23-1072	2704317253844715
324	Patricio	Servant	1974-11-18	Male	241.172.229.208	38719.18	740-57-9945	8647799855175351
325	Archie	Caffery	1951-09-20	Male	151.181.7.252	167222.17	440-68-8551	5265159767695094
326	Frankie	Reuben	1952-01-20	Female	184.196.13.89	38491.26	518-12-4832	2338452487089496
327	Charmian	Huetson	1950-06-03	Female	245.140.74.106	79012.69	755-20-5167	8363456091150819
328	Ediva	Nyssen	1957-12-10	Female	208.147.90.49	76430.06	399-88-8935	1693875502086912
329	Babbette	Tyas	1922-04-27	Female	209.205.46.212	131383.19	574-20-5764	8986899668998896
330	Phineas	Sommer	1936-06-13	Male	102.212.245.224	47424.86	356-02-8132	2463723719113936
331	Mordecai	Stirley	1954-05-30	Male	18.13.42.36	124103.74	794-15-8484	6576192418063706
332	Bobby	Sulter	1996-10-28	Male	99.221.23.146	132646.32	292-07-8413	4924213313076833
333	Caitrin	Silkston	1962-03-21	Female	99.12.13.178	108724.59	806-40-8631	1044031326286572
334	Colver	Poppleston	1973-11-22	Male	188.95.220.162	176974.15	745-37-3357	4816418564417365
335	Cristy	Waber	1991-11-26	Female	211.153.195.165	192542.29	656-02-5613	3275216626097310
336	Constantine	Monument	1920-09-29	Male	29.123.64.163	20011.57	162-12-7280	7855602846499274
337	Rube	Degoe	1971-02-02	Male	166.41.253.25	57938.22	317-33-7497	9976288200383469
338	Yanaton	Garwood	1961-12-24	Male	96.59.184.11	58822.47	289-07-4982	1292563699270342
339	Devlen	Heintsch	1980-12-22	Male	7.117.172.159	169226.25	207-47-4533	280140810984737
340	Baldwin	Brogini	1969-12-27	Male	175.185.101.69	68202.00	828-73-7575	7086229463814502
341	Aldous	Bitcheno	1986-07-01	Male	43.30.31.252	146828.37	678-60-1026	7082460437414673
342	Hamnet	Mccaull	1973-10-04	Male	106.116.83.214	79620.42	201-99-1514	4123895381569547
343	Kerry	Corwin	1941-04-25	Male	91.8.207.210	198543.69	137-39-2791	4410249823707141
344	Modesta	Dicte	1938-03-07	Female	137.226.78.96	71537.05	255-57-9230	1700847390563597
345	Jocelyn	Blunt	1944-10-09	Female	27.103.49.94	168760.94	575-64-6636	4646845291028586
346	Amelita	Westcott	1975-06-17	Female	100.34.213.151	151956.31	292-07-0135	8399932646621760
347	Clotilda	Ekkel	1963-11-07	Female	212.245.74.189	50488.85	140-97-7205	4812260144550560
348	Kenn	Rove	1957-04-07	Male	66.189.125.1	76518.79	830-17-9205	4313952117608594
349	Sterne	Letty	1971-06-04	Male	196.214.180.138	166421.95	862-50-8251	7616195304801591
350	Alf	Branson	1958-10-25	Male	92.122.218.98	94576.12	688-81-1956	3448228183879422
351	Krishna	Ilyinykh	1984-02-26	Male	99.221.52.178	179696.10	622-63-0363	4588730758662456
352	Bryon	Binding	1919-06-08	Male	241.87.207.139	100124.53	794-46-5234	4072654821106854
353	Jannelle	Thorrington	1926-03-21	Female	226.9.148.153	89584.48	455-25-0348	4864771783772378
354	Karola	Flaune	1963-07-09	Female	83.183.99.130	174732.42	782-93-6258	4341486880708575
355	Jody	Greenmon	1944-04-25	Female	95.159.124.179	135468.17	508-53-7106	8757242264433098
356	Brewster	Pinock	1945-10-09	Male	179.70.232.249	159107.66	668-71-3155	1162561478734559
357	Roslyn	Tivers	1999-03-08	Female	18.161.82.223	57164.20	173-70-1342	7025634785048998
358	Callean	Kebell	1963-12-15	Male	86.147.166.137	114258.54	510-09-6482	5128934089359285
359	Cassaundra	Truelock	1920-11-02	Female	60.164.232.2	97666.26	879-73-3427	9496979454154935
360	Flossie	Spurdle	1922-12-19	Female	150.230.106.234	23321.79	714-88-3678	9446256515816176
361	Llywellyn	Mulrenan	1986-03-30	Male	73.12.251.152	64212.44	461-76-4991	7045116305815647
362	Dasi	Eckh	1935-08-09	Female	205.111.143.85	90960.68	112-41-1189	7983562983556348
363	Dodie	Pendergrast	1961-05-29	Female	255.153.197.46	114894.80	728-11-5304	5655361471726613
364	Hephzibah	Martynka	1966-12-03	Female	60.239.67.107	88647.15	112-08-1892	4051134702221093
365	Elsy	O'Corrane	1973-12-21	Female	251.185.112.125	138056.31	635-18-9923	4175992002928828
366	Tiebold	Game	1999-06-20	Male	148.109.141.149	77401.72	896-61-9576	6384611542726177
367	Freeman	Iashvili	1995-08-29	Male	47.151.95.41	173705.35	303-34-2587	7836673638726525
368	Peyton	Ferreira	1958-06-05	Male	68.240.12.193	152960.66	546-55-6432	7617402792042401
369	Marybelle	Doerling	1948-08-31	Female	36.37.206.80	68159.27	573-01-2248	2667805868875018
370	Emmi	Gabrieli	1918-06-23	Female	149.34.229.34	38612.57	542-89-2781	3807005870211388
371	Tilly	Varley	1948-07-06	Female	108.197.21.88	146774.93	109-41-7479	6448147593599821
372	Tarrance	Storey	1980-09-28	Male	146.191.201.69	125294.41	688-86-8172	9517745605899613
373	Kellsie	Cregg	1955-12-28	Female	70.203.16.43	160246.85	615-31-4660	7962190083024530
374	Vanni	Puve	1922-11-03	Female	255.253.96.63	61268.62	103-39-9900	4004182998738653
375	Chaddie	Greet	1986-01-07	Male	6.96.71.233	148306.14	390-13-4972	4813943491960860
376	Lettie	Learoyde	1989-11-28	Female	250.183.149.200	118758.03	110-67-7137	9561809517889235
377	Giana	Bilbrey	1987-09-03	Female	28.202.10.45	27449.51	243-75-0715	3237651668498832
378	Nichol	Atack	1939-06-27	Female	142.180.203.61	58701.14	794-44-4929	2091172845842818
379	Essa	Pelling	1952-05-04	Female	3.3.222.239	132934.66	226-91-6558	6700049743277677
380	Parry	Benedicte	1964-03-07	Male	35.33.64.42	155451.11	494-11-3686	2878750543435487
381	Constantine	Hornung	1926-07-04	Female	138.17.211.71	41712.79	124-45-8204	6458392294030881
382	Lock	Le Marchand	1973-12-02	Male	247.22.137.199	183093.91	489-76-3412	5887645424461333
383	Pascale	Chichgar	1959-03-27	Male	242.52.52.85	53322.55	335-97-0474	1717926435243967
384	Halsey	McTrusty	1918-12-12	Male	24.86.255.247	147717.76	586-09-1690	2526222252637307
385	Quincy	Spary	1935-11-21	Male	15.61.192.2	56883.13	796-73-8733	4049429704315580
386	Anabelle	Corteney	1984-07-16	Female	134.109.143.108	77329.20	733-11-4340	1432616164889511
387	Ronna	Inge	1975-09-01	Female	131.151.158.87	77202.67	102-88-6811	7424847707083594
388	Malachi	Kitchenman	1955-07-29	Male	62.27.21.111	59660.96	667-02-1319	8172045595604348
389	Maurice	Prester	1968-01-25	Male	235.176.231.185	49028.55	266-07-0906	7051231735194414
390	Sonny	Burtwhistle	1961-06-07	Male	223.102.175.76	159083.76	121-27-7750	595138951337103
391	Quinton	Forcer	1987-03-17	Male	9.18.202.50	127903.50	572-14-1852	327207233432691
392	Maybelle	Scotter	1989-01-16	Female	123.154.236.219	36308.54	876-88-3304	6564613010678049
393	Pen	Mees	1979-02-12	Male	65.99.130.118	178303.13	546-59-5156	5250536895761247
394	Hillier	Jirka	1968-11-27	Male	18.52.65.111	64297.09	843-46-3750	4464398044819842
395	Steve	Odo	1938-03-05	Male	170.133.7.232	167487.39	555-75-7575	9014489580118754
396	Shadow	Ciciari	1964-09-08	Male	35.110.81.233	40692.24	306-07-7081	2171290916518504
397	Mildred	Brownsey	1947-02-24	Female	57.10.144.119	98333.83	488-01-4197	6917736792783227
398	Parker	Dunan	1939-11-06	Male	141.203.6.207	89423.64	549-09-3379	5058752601916215
399	Jandy	Bracco	1970-08-12	Female	156.91.36.105	164359.02	480-55-8069	3044234384861107
400	Claudia	Bartlet	1924-02-24	Female	92.36.103.91	136865.37	260-55-2620	3498220738710386
401	Addy	Edlington	1975-12-16	Male	95.107.185.51	101012.71	185-48-7478	1004100577098375
402	Elston	Moggle	1974-01-01	Male	2.33.185.157	36783.84	419-35-4281	2576994030566859
403	Dottie	Alker	1947-04-10	Female	87.213.25.198	154988.30	437-04-3562	1355438072510548
404	Audre	Paumier	1960-11-19	Female	80.251.35.255	94259.03	476-22-5668	4421228832238551
405	Evangeline	Fullerton	1935-09-10	Female	36.162.54.129	71878.39	614-07-8548	4948812523584771
406	Tedra	Quinet	1935-12-22	Female	214.182.117.232	197271.36	590-47-8963	9591417846383785
407	Jerrie	Bille	1953-12-29	Female	190.210.209.66	32149.61	843-28-8029	7229477468668829
408	Lynnea	Farlambe	1933-05-21	Female	16.105.162.152	81804.25	625-05-0990	3917306342339933
409	Scot	Hawkin	1946-04-20	Male	191.231.2.8	118490.06	701-04-0636	9560987136579577
410	Krissy	Elie	1984-10-09	Female	233.248.217.66	191885.81	654-80-0053	9939437958827363
411	Jae	Klosa	1935-02-05	Male	212.208.167.158	136438.41	571-49-6667	5489406820188352
412	Karon	Glander	1959-12-25	Female	161.52.240.2	64585.10	865-23-0905	8630413893482997
413	Thomasa	Wedge	1999-04-30	Female	112.10.120.175	138609.22	447-67-8045	3479084728073695
414	Joey	Lukas	1944-06-03	Female	252.207.188.242	131121.25	379-53-5247	191789659069898
415	Carlina	Rantoull	1971-03-18	Female	50.136.111.145	29039.75	168-96-5531	6427636562322766
416	Saba	Stangroom	1952-07-30	Female	161.254.49.183	89471.12	589-66-5643	6390136532259712
417	Silvio	Prestidge	1939-05-27	Male	82.253.122.109	109738.13	171-35-1600	4634157537868034
418	Gaile	Gossan	1977-02-10	Male	25.119.87.59	115119.57	707-53-5648	6755612912028572
419	Barnard	Sherred	1970-01-30	Male	169.81.219.175	37752.97	437-41-4801	6410241676482981
420	Adda	Alelsandrovich	1925-01-24	Female	5.243.98.254	133202.78	251-14-5240	5485984028436773
421	Astrix	Stubbeley	1940-02-03	Female	116.142.135.64	45269.74	623-71-2348	5841628786884851
422	Janina	Alker	1934-11-19	Female	121.157.161.75	86508.81	710-74-2725	1025427316880119
423	Redd	Gerardet	1989-05-04	Male	125.57.140.217	61495.99	572-80-8790	4401255211899463
424	Noreen	Dorkins	1955-12-27	Female	162.204.180.228	18401.97	610-26-9147	9312563235853106
425	Jule	Juggins	1974-01-26	Male	38.160.8.235	168273.41	286-46-0498	3395263775435905
426	Dana	Garforth	1989-02-12	Male	162.56.235.117	61129.96	672-74-2356	1822489178653381
427	Stanley	Western	1955-04-25	Male	24.94.68.135	177199.44	571-94-7831	2651954016512776
428	Faulkner	Moylane	1969-08-05	Male	214.82.162.155	157810.03	427-42-7415	7074778870302965
429	Dacy	Shoreson	1924-09-23	Female	219.132.112.95	15846.35	345-30-6834	4240732232821387
430	Carlos	Greedy	1962-04-24	Male	33.228.196.247	146457.60	786-76-3260	6883418605235547
431	Paxton	Cannell	1981-08-08	Male	81.13.93.90	135769.82	608-01-8365	1099401737491489
432	Sterling	Bollins	1971-09-29	Male	153.152.168.195	198235.04	539-39-2178	3893315941707292
433	Rocky	Allcroft	1924-01-27	Male	33.57.177.28	33093.27	157-41-7231	1317952403900546
434	Antonius	Firbank	1961-09-18	Male	38.194.120.192	37463.57	221-99-4364	498329376020775
435	Manolo	Kapelhoff	1964-07-20	Male	81.251.35.80	88278.66	639-15-0473	5242593495015910
436	Rosemary	Hiland	1932-06-10	Female	231.89.32.54	51527.79	845-81-8973	9661402955344826
437	Wilburt	Flavelle	1999-01-04	Male	206.197.116.155	54566.37	417-91-1239	3312563591890705
438	Dareen	Elphinston	1985-06-23	Female	97.98.201.223	97548.11	312-20-6575	6303043089417991
439	Lorenza	Hamblen	1962-04-04	Female	217.61.246.251	87763.68	854-04-8586	7764504061998203
440	Tedie	Lepope	1940-04-11	Male	127.94.21.98	105555.34	422-88-7116	8726559726684015
441	Oralle	Robilart	1974-04-29	Female	128.173.114.52	152509.24	839-56-3362	7501470037203548
442	Josephina	Ahern	1932-04-11	Female	57.203.191.118	102872.75	689-12-8030	1662578250112491
443	Scott	Darlasson	1954-05-07	Male	33.192.231.252	34840.98	487-63-9911	9954522530072268
444	Sully	Haughton	1948-11-29	Male	2.198.128.182	124491.67	524-72-2867	8233793555643694
445	Timoteo	Doubleday	1926-03-08	Male	120.139.131.81	74657.25	797-84-4628	5648850987040941
446	Wrennie	Scottrell	1950-10-02	Female	181.184.168.243	130140.58	155-11-5395	9575900104939986
447	Janka	Carnson	1995-10-25	Female	248.117.19.29	62533.37	760-80-9729	6010878125684904
448	Selia	Fraine	1929-10-02	Female	118.180.18.168	93809.33	773-13-6091	9026342995284966
449	Skye	Woodnutt	1923-03-26	Male	235.126.173.65	91299.69	475-13-5563	2074897309652308
450	Nancey	Deinhard	1931-07-16	Female	99.93.201.30	92033.28	651-75-9928	4812940575720753
451	Cynthea	Bootyman	1995-05-08	Female	184.34.106.222	166675.98	802-25-3261	614965515101282
452	Cortie	Girardot	1932-05-26	Male	162.199.114.77	59114.83	335-27-7904	3840383512836637
453	Sigismund	Stockford	1988-10-30	Male	92.63.211.40	182421.07	662-95-2146	5190119560871639
454	Marlo	Kubal	1929-05-28	Female	70.212.219.244	37691.56	638-88-3699	182433305178542
455	Ariela	MacAdam	1965-12-01	Female	107.215.55.155	81123.76	348-18-7414	8966771015621080
456	Kaitlynn	Gulston	1929-08-25	Female	89.254.254.49	63638.27	552-57-0544	5783682495134660
457	Shepherd	Gabbott	1925-01-30	Male	150.116.31.249	111436.58	193-01-0042	6616512088627041
458	Brittany	Palfree	1968-12-21	Female	115.181.162.241	148256.42	827-62-8802	4580470752517801
459	Homerus	Venart	1939-09-18	Male	155.0.47.118	191878.04	842-85-4982	5154398523205099
460	Troy	Cristofori	1979-06-12	Male	222.101.78.92	39271.79	801-69-4393	9487210717861904
461	Esteban	Goring	1925-02-03	Male	23.153.230.53	27995.57	358-49-8630	4136653302327574
462	Neall	Ellam	1998-05-27	Male	52.134.6.33	15885.70	383-32-3285	6882616241956051
463	Sada	Aleksankin	1934-04-16	Female	203.71.120.142	157246.42	725-68-8940	5873824254506639
464	Tove	Hinsch	1984-11-10	Female	209.61.179.18	85423.89	553-98-2276	2544415310408280
465	Brigg	Kuhnwald	1926-04-01	Male	128.98.230.71	136679.54	585-25-9579	2060966557403131
466	Ollie	Bartosik	1958-05-10	Female	142.76.43.242	180517.43	112-92-0135	9383286258339507
467	Anson	Preedy	1974-09-02	Male	195.224.84.86	108640.23	867-96-7661	5594372379663114
468	Uriah	Siddall	1958-03-01	Male	250.87.64.209	192650.39	190-67-4157	3338441179264957
469	Tomas	Ginley	1972-06-11	Male	161.212.155.61	182508.17	216-05-4590	6835992482479831
470	Yehudi	Burris	1969-06-25	Male	245.95.38.50	104322.77	499-87-2455	8389080586565052
471	Auberta	Pargent	1960-07-10	Female	119.185.215.182	115818.74	352-69-6598	5563188856684776
472	Osbourne	Inderwick	1922-01-14	Male	153.187.79.248	142899.16	618-40-7613	6333929052662062
473	Maighdiln	Filipic	1972-01-07	Female	223.182.196.61	67098.66	643-04-4841	9884265162162534
474	Mallory	MacCafferty	1983-03-26	Female	157.167.35.117	108721.74	300-10-3482	2141962355020513
475	Norry	Havercroft	1966-04-20	Male	31.228.199.160	22182.57	245-78-5411	3023048377887245
476	Marti	Delamar	1960-11-01	Female	1.97.242.3	65671.03	156-06-0660	6608909508211828
477	Cindie	Heritege	1991-10-11	Female	91.119.190.58	180895.15	421-66-2415	6202944005020293
478	Faith	Wreakes	1984-12-19	Female	40.253.29.75	127986.74	233-61-1959	9065453564222084
479	Demetre	Shimmin	1931-03-06	Male	172.69.223.7	158073.17	346-64-5492	4266580276323208
480	Huey	Filinkov	1996-03-07	Male	230.253.126.226	136807.43	693-39-5195	9496649253475391
481	Denise	Gabbidon	1980-09-14	Female	190.231.129.238	35315.44	371-89-5752	7278843614392872
482	Kent	Barthropp	1933-02-08	Male	85.109.115.185	144025.93	610-84-8320	7660213739018905
483	Corissa	Dawdry	1917-05-05	Female	94.18.181.217	142984.05	317-32-1393	3277650631300602
484	Janean	Bather	1963-01-27	Female	112.55.230.197	88115.83	881-48-8959	9734735817814630
485	Fionna	Grewcock	1951-01-24	Female	176.32.99.180	98512.19	603-42-7054	5791107622300319
486	Daryle	Oakenfull	1949-03-26	Male	248.135.39.29	177618.21	375-51-8218	7628872899308966
487	Hanson	Brehaut	1989-06-03	Male	117.224.106.85	185602.73	838-85-3147	4589603530761520
488	Mercie	Cerman	1926-11-10	Female	161.103.88.192	107624.93	112-04-0662	1661874864877022
489	Aloise	Saladino	1927-01-31	Female	159.221.70.230	33556.36	586-35-9098	1025551998291060
490	Bettye	Le Moucheux	1959-03-15	Female	203.177.2.131	197345.24	234-38-8482	172372658610739
491	Neil	Fildes	1980-06-08	Male	130.11.132.248	41460.86	472-64-4500	5310480338851643
492	Aleen	Benyon	1967-03-18	Female	41.87.169.251	187265.75	583-48-4277	5945152172053051
493	Gerti	Bernardy	1965-05-09	Female	146.2.0.120	63346.99	612-36-8073	2952997939446960
494	Tades	Anwell	1966-07-25	Male	195.141.132.60	40672.35	561-58-9794	6924007002870300
495	Reinaldos	Bellocht	1948-07-15	Male	52.30.4.85	135722.66	779-09-6143	4278321887355928
496	Alford	Klemt	1971-03-21	Male	57.189.0.220	149618.21	365-53-1774	5536057614709949
497	Paton	MacClure	1954-02-08	Male	182.240.241.223	70184.54	205-08-4900	7607270298238214
498	Gamaliel	Cowdroy	1931-12-17	Male	85.124.27.155	102498.18	832-80-7209	4510253901751201
499	Britta	Babinski	1929-01-19	Female	101.202.249.109	78599.32	842-81-6661	6866700739992842
500	Kristos	Mobley	1944-10-02	Male	91.219.86.0	101807.25	695-81-0870	511848725565098
501	Mary	Bontine	1932-02-29	Female	148.10.56.135	101616.43	567-99-4652	2485150644686265
502	Neile	Cullinane	1944-05-12	Female	242.13.134.128	61780.55	853-52-6058	7540876609379382
503	Rory	Bufton	1972-12-31	Female	12.228.98.203	38414.15	431-15-8470	9746232285989024
504	Star	Grube	1943-01-21	Female	149.92.15.234	147453.11	118-41-9726	447686534413984
505	Tressa	Mitford	1960-07-03	Female	127.74.96.163	104321.22	374-20-7560	2642727897638434
506	Isiahi	Bickers	1934-08-21	Male	13.183.16.216	115259.34	660-25-9675	4249054204921866
507	Bjorn	Heys	1958-03-15	Male	92.15.128.156	28466.24	411-69-0581	7172394041164956
508	Letta	Doull	1978-12-04	Female	129.202.111.8	21346.36	624-15-8427	5931931052930660
509	Nikolos	Toop	1929-03-17	Male	54.176.121.205	63385.52	486-48-9899	8970678996812992
510	Arley	Daville	1936-03-21	Male	232.14.124.226	47376.81	424-40-3629	4564798157438176
511	Marcellina	De Mico	1954-03-18	Female	58.123.113.89	193943.09	719-69-1652	2767341154505700
512	Sheilah	Bratcher	1991-12-19	Female	175.174.6.223	57031.87	265-21-2271	8490337758362353
513	Silva	Soldan	1930-09-21	Female	254.85.191.186	146143.20	260-21-6477	6821723697440813
514	Mirna	Stokoe	1976-03-12	Female	95.29.104.202	169788.18	355-06-4096	3680247159411616
515	Johnny	Piddington	1967-10-30	Male	201.252.30.47	154844.94	891-76-9977	3078883521590724
516	Ruby	Darwin	1996-11-20	Female	205.178.73.176	122497.84	369-29-6790	6067420250409665
517	Hugibert	Byneth	1967-03-18	Male	122.97.189.3	109366.98	295-88-1940	4852748208971802
518	Vanni	Mechic	1959-05-23	Female	193.97.89.66	113635.58	894-57-5149	8733952493824045
519	Chickie	Cotgrove	1991-06-12	Male	151.74.83.161	31708.53	662-17-6255	4547597319426016
520	Percy	Hamelyn	1953-11-16	Male	198.117.158.192	121515.56	163-55-3464	1799372663748354
521	Filberte	Cawdery	1997-08-29	Male	112.144.74.28	89528.44	839-13-0782	1254031926231014
522	Lanie	Reddle	1983-08-12	Male	100.158.128.3	186420.95	415-94-4285	7879808352291166
523	Eduardo	Geeraert	1993-09-07	Male	46.96.228.115	188644.46	673-56-2409	30427094727277
524	Grazia	Lubomirski	1970-10-06	Female	57.113.187.112	165743.22	899-80-3809	7295357450523200
525	Marion	Berriman	1978-11-04	Male	154.47.54.4	28601.10	627-01-0503	281201258357390
526	Mireille	Boncoeur	1993-12-21	Female	189.106.126.211	114213.80	635-69-6438	1041652062423805
527	Desi	Ballentime	1962-07-31	Male	64.59.23.105	152226.65	603-19-7362	2642374004948978
528	Wendye	Elce	1942-09-23	Female	90.162.45.61	108347.04	220-87-0564	3985304818939565
529	Farris	Kaye	1973-06-06	Male	98.232.140.56	188375.39	802-43-5903	3779535990953400
530	Hasheem	Such	1960-09-03	Male	100.56.109.75	160218.57	847-67-2082	4381759639176907
531	Gardie	Drinnan	1978-11-27	Male	124.143.109.95	95852.09	216-91-0957	3491032497750011
532	Catharina	Bahlmann	1959-01-23	Female	122.216.22.114	71220.15	692-08-2173	7182269683130451
533	Artemas	Aaronsohn	1939-02-02	Male	155.43.32.132	86522.22	120-20-2666	5074090545161882
534	Hyman	Jahnisch	1958-04-05	Male	247.12.68.178	148849.89	673-64-1099	1987516209120059
535	Free	Pladen	1959-05-07	Male	113.147.67.109	114542.25	239-63-1745	4245219571326190
536	Mora	Recke	1958-03-10	Female	60.111.32.19	76032.85	701-99-8809	5192903169886692
537	Asher	Colls	1968-03-05	Male	120.176.157.177	45005.60	572-67-6623	355636750623878
538	Layne	Nossent	1977-02-11	Female	20.217.212.112	143507.01	706-04-4180	5540617544157155
539	Kala	Pinar	1921-12-22	Female	8.73.141.201	121363.29	106-96-9335	2836400175694407
540	Aubert	Tibbs	1971-02-13	Male	107.228.45.235	135211.97	448-50-3658	3189169417249335
541	Phillipp	Brader	1974-01-14	Male	186.133.56.200	106818.22	389-17-4517	7049991780589145
542	Lotty	Groom	1956-05-01	Female	148.237.116.15	64978.08	566-12-8779	2580213065480893
543	Dalt	Ody	1954-09-25	Male	49.238.17.20	98704.55	359-27-7617	3932027363364969
544	Giuditta	Dayment	1950-03-27	Female	26.67.82.75	57763.74	763-46-7702	4579999520654548
545	Chen	Cymper	1932-09-07	Male	241.168.27.111	128477.23	244-08-0123	2970927072909393
546	Kerwin	Brodhead	1972-09-02	Male	129.19.251.104	32830.26	326-63-4009	1613130943954008
547	Ruperto	Lowrance	1919-11-15	Male	181.186.10.149	150807.01	557-67-7242	3867163753943544
548	Ianthe	Rumble	1975-05-27	Female	245.152.200.153	101251.71	522-70-6611	9534069369859064
549	Shandra	Mewett	1949-09-10	Female	202.72.231.195	169700.39	638-47-2749	8710796382086388
550	Russ	Meanwell	1965-06-27	Male	77.110.33.89	58593.74	362-65-2680	5081905708282441
551	Barth	Rowland	1956-05-10	Male	88.65.255.191	143547.12	706-52-1706	8822620736157652
552	Corinna	Bartholat	1999-12-31	Female	118.113.203.51	24121.25	273-36-5434	5234949580159343
553	Jonathan	Gallemore	1945-07-10	Male	200.250.102.236	33356.42	121-33-5447	7372991861120101
554	Ashely	Halward	1974-09-22	Female	190.192.255.146	85754.28	309-46-2967	9603840874308387
555	Tabbitha	Mainston	1921-07-17	Female	185.83.159.85	40850.83	795-25-1606	3750804281134124
556	Ashlee	Bridal	1927-01-20	Female	144.131.158.8	24688.54	660-68-3603	4222283645904617
557	Jonis	Smurfit	1969-02-25	Female	122.159.185.137	165625.01	404-10-8998	8949612078479196
558	Edmund	Ick	1920-07-29	Male	114.153.232.58	20416.30	546-18-1661	8039987340394713
559	Bridie	Hollow	1988-02-02	Female	129.43.229.66	124677.70	593-33-0701	5432390942939944
560	Georges	Tousey	1971-08-03	Male	190.147.240.101	157658.48	622-18-1323	3649084419762304
561	Shannan	Loader	1953-04-02	Male	48.77.242.37	129158.26	714-23-7897	1656382754225563
562	Maddie	Rohloff	1959-03-22	Male	110.62.99.44	173900.13	401-46-2606	4103280868512825
563	Reinhard	Eagland	1943-07-26	Male	82.40.33.148	92644.75	579-28-8520	6139097517950524
564	Sutherland	Lantuffe	1996-07-08	Male	2.215.207.26	58906.91	503-87-3633	2110966066428994
565	Bartolemo	McMearty	1941-08-12	Male	155.127.115.249	180706.03	320-65-1116	9575660631340899
566	Mal	Capron	1962-02-24	Male	114.197.146.93	70950.62	807-10-2554	3201192822441475
567	Stormie	Clyde	1958-12-17	Female	68.163.80.196	134163.65	508-94-9115	3184896652328312
568	Florencia	Feek	1962-09-08	Female	228.82.43.136	25279.78	350-53-9565	8991254340232849
569	Derrik	Foddy	1965-01-19	Male	249.244.87.117	124011.61	161-29-4770	9638993875121530
570	Katerine	Saggs	1997-10-29	Female	246.134.0.42	183049.57	725-32-0721	861795701409573
571	Keeley	Egginson	1974-04-08	Female	189.170.42.185	76222.39	712-05-8321	7321726457300091
572	Dean	Tilston	1991-01-30	Male	202.210.225.10	60232.84	476-03-2328	234408384663533
573	Libbie	Chasteney	1957-03-14	Female	20.39.162.89	193360.71	804-87-2746	7969346818685085
574	Bonnee	Jouning	1924-02-13	Female	96.125.168.122	184902.69	320-76-5716	794160036821783
575	Katharina	Forshaw	1976-06-16	Female	238.244.80.233	73847.85	501-35-4534	2945650973269698
576	Frankie	Maffini	1937-04-18	Male	155.164.114.31	158400.08	585-21-8663	7768774846327596
577	Redford	Raper	1971-12-28	Male	197.63.181.66	83008.97	455-44-3262	9213564898488305
578	Ceil	Wallicker	1961-12-02	Female	248.103.58.104	44183.62	310-91-5204	6832530927497463
579	Emlynn	Bonellie	1945-12-06	Female	130.79.113.185	199337.71	209-65-1304	6932501521232285
580	Tabatha	Dreus	1942-08-02	Female	99.175.33.244	49516.31	273-42-5821	7705792349111819
581	Egan	Womack	1962-05-19	Male	225.36.31.237	95468.33	215-97-8259	1498696592644983
582	Hodge	Glennon	1981-04-14	Male	224.108.202.48	119579.51	674-59-7429	4944615413453415
583	Faun	Pavek	1959-07-28	Female	46.150.139.8	180263.03	472-76-5545	80974314619100
584	Hedy	Golborne	2001-03-01	Female	253.183.158.228	28142.49	594-41-4478	9065890601827333
585	Ileane	Schmidt	1975-02-28	Female	211.28.107.226	50939.03	281-28-6338	1290694407656714
586	Sven	Sellek	1958-03-13	Male	242.6.239.87	151304.12	120-19-4058	8252604625527734
587	Sabine	Chotty	1946-10-02	Female	14.74.231.178	121621.57	184-06-5810	5321102119958291
588	Hasheem	Yelland	1988-01-21	Male	83.41.119.125	151346.23	266-40-4164	4073663718580315
589	Alain	Schechter	1995-01-29	Male	75.73.231.75	109483.73	734-31-6808	6628022680091155
590	Ase	Eatock	1930-02-28	Male	206.245.40.140	177898.89	483-78-7523	541336027133976
591	Marline	Scampion	1944-06-21	Female	254.22.101.43	32372.36	519-80-5458	928114875519489
592	Odell	Rubinowitch	1953-11-19	Male	225.168.181.166	179753.82	155-10-1184	8713667174883576
593	Sybyl	Halbeard	1929-07-10	Female	67.222.186.160	194472.73	687-29-8884	7035496840519228
594	Nance	Thebes	1931-07-11	Female	252.45.233.249	41571.04	304-47-1443	7212149598381800
595	Gabbi	Stit	1923-01-12	Female	234.46.158.230	95747.65	185-97-8522	3606324150187125
596	Sherilyn	Heyworth	1995-02-04	Female	183.28.38.201	29797.92	557-28-7741	9656021302034715
597	Daisi	Hawtrey	1968-01-30	Female	80.76.219.179	63053.88	595-47-5230	8518603058381544
598	Ashton	Ciric	1998-07-05	Male	68.153.179.135	123401.67	641-53-3800	4927715880703271
599	Tiphany	Schild	1982-01-15	Female	107.25.29.135	128362.26	700-72-7627	675072026649796
600	Matthieu	Coda	1943-06-23	Male	107.25.11.126	109240.50	399-57-9005	9937039607580406
601	Codi	Brambill	1988-01-08	Male	73.108.50.175	182844.09	620-75-8484	1957826692059594
602	Wilt	Blasetti	1986-01-18	Male	169.67.154.95	188787.33	604-69-2819	3810247943763915
603	Marie	Vaneschi	1937-08-16	Female	100.192.174.170	111349.70	314-55-8699	9567431335447649
604	Haleigh	Howick	1984-02-22	Female	219.187.156.4	119585.95	572-51-8426	3648989016868196
605	Kinnie	Bradburn	1956-08-29	Male	195.187.218.12	142621.44	405-96-3496	6197094632348167
606	Lotta	Heggman	1992-08-20	Female	74.248.33.56	168609.70	541-87-2075	7573959963960173
607	Ardella	Boxen	1967-05-26	Female	2.203.40.118	187688.13	846-32-2179	4500152585129703
608	Fabio	Ferroni	1919-06-29	Male	15.117.128.26	185526.04	266-27-5379	8648153894082656
609	Skipper	Rioch	1957-03-22	Male	133.186.223.247	136988.86	480-61-1917	2098977883391359
610	Pippa	Kinnerley	1983-08-12	Female	61.247.21.208	101530.32	642-77-1550	2159092799558095
611	Saudra	Casajuana	1995-05-31	Female	108.41.235.118	53621.04	157-42-5013	9318662050117871
612	Kailey	Mockett	1951-03-21	Female	215.242.1.59	173108.10	715-67-5279	813957670262642
613	Arlan	Lamb-shine	1950-02-02	Male	88.183.219.53	98708.34	633-66-3207	5721837403469551
614	Ethelin	Overlow	1952-04-03	Female	90.68.164.79	21682.27	703-35-0852	8909140308041358
615	Arv	Caller	1939-11-02	Male	178.150.146.127	77431.06	161-20-8210	9283673121687069
616	Grantley	Genny	1946-03-02	Male	56.189.240.120	71232.17	161-67-7463	9799085935069035
617	Sara	Filipowicz	1961-12-03	Female	174.102.43.165	86097.94	664-64-4463	1505383872309679
618	Kermie	MacNamee	1939-11-30	Male	224.9.95.194	58105.98	880-90-8682	4183684402583975
619	Else	Monkhouse	1960-10-31	Female	145.34.203.188	88449.43	868-19-5307	9885772042940352
620	Roscoe	Cantero	1977-07-29	Male	184.241.110.149	59316.82	710-78-0755	8936600226825961
621	Cirillo	Feare	1973-12-07	Male	207.51.255.73	154530.65	726-03-7937	1939801206493041
622	Alexis	Corry	1974-02-09	Female	154.72.186.198	82067.14	725-21-0782	1349617221434590
623	Sephira	Leversuch	1998-12-02	Female	97.136.180.220	154309.47	226-26-1120	1620341053773827
624	Barbette	Ainsbury	1999-12-14	Female	138.148.96.181	33853.92	663-97-5052	3918152769429391
625	Guthrey	Shallcrass	1995-03-15	Male	169.56.204.133	82743.35	221-82-7936	4110506591174839
626	Libbey	Bellefonte	1937-12-22	Female	205.47.87.141	86078.61	802-18-7083	4923208523449234
627	Elia	Dickings	1982-08-20	Male	134.36.135.145	75268.63	707-19-5613	1560374701198885
628	Alleen	Titt	1920-08-07	Female	61.198.106.192	87827.69	529-41-4765	4949684815711364
629	Bernette	Lodwig	1999-03-28	Female	72.162.52.75	118955.99	221-81-8562	4848284624620070
630	Julita	Dionis	2000-11-19	Female	107.78.178.255	133639.33	134-59-2812	6290382308926449
631	Glennis	Overland	1947-05-01	Female	166.205.165.91	111577.18	110-30-9481	6260146991114068
632	Theodora	Boschmann	1947-12-09	Female	85.106.64.133	180516.13	759-59-5682	4043823000712850
633	Fremont	Wollen	1928-08-22	Male	184.163.32.27	92540.23	864-89-6645	924435967131420
634	Stavros	Salsbury	1997-10-02	Male	45.81.58.26	30801.94	166-79-7368	7811889714592133
635	Elston	Charnock	1966-03-27	Male	29.157.228.152	54786.29	840-40-8079	3401063689265422
636	Edwina	McComish	1944-05-23	Female	231.192.77.14	186074.59	887-68-0826	232188005415056
637	Susann	Joscelin	1995-09-12	Female	83.10.163.11	27629.77	370-27-8887	5224282230134666
638	Renelle	Schwerin	1997-04-20	Female	196.69.13.160	165692.74	202-37-6688	3313526103602055
639	Pauletta	McGeachie	1931-03-10	Female	221.35.8.140	179244.59	120-41-6331	3122409596534374
640	Hugh	Westmorland	1942-03-19	Male	56.249.57.96	59161.20	651-72-1812	3254361900971611
641	Brinna	Plover	1991-09-12	Female	199.74.54.18	166388.16	383-59-6326	6685949448935456
642	Diandra	Coughlan	1942-01-27	Female	188.59.125.4	101896.53	452-64-5353	2615374995992493
643	Marcelo	Chaytor	1996-05-11	Male	248.125.141.249	182068.64	126-99-1425	6640195298138368
644	Micheil	Queste	1978-08-21	Male	29.36.108.60	30693.47	560-04-1394	4292910524405448
645	Eliza	Barthrup	1992-11-22	Female	155.246.199.147	150133.55	444-91-6570	5634084572014395
646	Dalton	Oene	1969-10-29	Male	145.71.86.45	43559.22	238-39-3223	8606981936745286
647	Julian	Imrie	1922-01-29	Male	120.133.235.231	183174.41	322-66-4406	8408000290645106
648	Leicester	Edge	1980-01-29	Male	99.98.219.62	160782.63	288-64-4486	5285106853582138
649	Carlie	Abrahamian	1989-02-18	Male	108.193.102.212	167108.46	491-13-3021	2291116448021627
650	Audre	Merkel	1952-02-09	Female	112.42.214.129	77977.99	361-33-4200	8365722910993793
651	Lauree	Riehm	1919-09-16	Female	155.33.120.228	196382.13	756-75-2822	6156899152204448
652	Noe	Trivett	1958-09-08	Male	234.21.3.55	136388.32	280-72-6213	9404089135700447
653	Fayre	Verdie	1954-02-11	Female	157.186.195.230	179904.10	716-25-7761	631847492462361
654	Zedekiah	Rosenfelt	1995-01-26	Male	17.33.0.142	61057.22	892-67-2376	4015156672406319
655	Steffane	Rembrant	1954-06-06	Female	167.198.195.134	74311.07	383-01-5624	4474528064444449
656	Mayne	Gutans	1947-04-19	Male	30.137.137.169	18209.76	258-30-6560	6559531058720890
657	Franny	Tarzey	1979-10-20	Male	8.81.131.92	157862.71	380-12-5540	6206894795241243
658	Weston	Mustill	1920-10-28	Male	196.147.164.221	26359.30	449-28-3818	5529992958926873
659	Mab	Dionisetti	1956-12-17	Female	245.118.24.175	195718.72	302-47-2743	6276892235303497
660	Merrie	Willder	2001-06-21	Female	63.141.66.170	143981.47	859-16-4768	7497896721650918
661	Mychal	Kinnon	1959-11-01	Male	208.114.131.65	114451.20	166-36-0742	6451953293087863
662	Corrianne	Hendricks	1947-05-17	Female	81.7.213.238	112698.20	499-58-5458	1187608523676217
663	Terrel	Durman	1992-08-07	Male	175.204.224.255	167384.19	407-70-7794	6697121279466148
664	Rem	Sutherel	1939-01-04	Male	191.35.131.44	124757.58	348-85-6473	679656814404203
665	Sapphira	Overill	1971-06-15	Female	234.252.34.196	98017.05	264-22-1921	7847091113586763
666	Wren	Doolan	1950-11-08	Female	251.244.187.168	58482.88	735-92-9472	6569496472508835
667	Decca	Carvilla	1939-02-15	Male	106.108.13.158	27712.39	846-83-2688	430460977639059
668	Jarad	Hurn	1937-05-13	Male	137.31.71.235	44021.95	467-75-1446	7468293465670205
669	Gauthier	Ewert	1934-11-04	Male	147.196.41.85	188621.73	187-82-4480	2609112763793243
670	Barris	Edmott	1940-07-29	Male	13.50.72.94	145274.38	740-68-2969	2770096556193680
671	Natalina	Calver	1976-12-24	Female	99.194.141.34	188257.28	746-32-2775	1966002797367333
672	Rea	Navein	1961-06-02	Female	204.153.222.144	171028.77	511-89-0263	9986433031992193
673	Darell	MacKeague	1943-03-12	Female	46.113.6.36	93891.19	217-98-1515	1944853018528888
674	Teodoor	Bramo	1990-02-05	Male	60.158.131.62	92509.85	876-10-2425	7465473911835885
675	Bronson	Stanton	1964-05-07	Male	244.173.225.149	45599.78	407-71-0508	7483624698097132
676	Buiron	Sleford	1989-07-09	Male	237.5.52.227	73345.56	228-72-1598	2123351853253312
677	Dorelia	Robertacci	1996-04-03	Female	170.156.238.163	47527.13	415-58-6498	560129755095688
678	Weber	Doherty	1942-06-03	Male	80.129.249.199	44734.64	638-46-4641	4273674058768306
679	Jere	Erbe	1964-10-22	Male	198.169.51.137	150717.94	123-15-7841	8683818582122145
680	Melamie	Bewly	1961-08-19	Female	194.103.220.240	73561.84	832-60-1652	1931902896763952
681	Shepperd	Siveyer	1917-04-30	Male	124.228.123.59	81820.91	368-22-4530	6442007314107297
682	Laughton	Youster	1978-09-26	Male	5.43.84.79	98168.53	607-67-2999	3929548552972908
683	Trish	Quilleash	1990-04-22	Female	111.177.51.168	169398.55	394-60-7327	9867802585277099
684	Jemima	Basile	1983-10-08	Female	87.89.121.201	23876.21	867-57-0216	1298486236556284
685	Jasmin	Pitman	1940-12-26	Female	109.235.2.106	96433.21	683-68-6475	6414566189142710
686	Moina	Stanbra	1968-02-10	Female	109.29.137.8	107801.77	282-81-1282	7678258010997557
687	Abeu	Haughey	1938-08-15	Male	244.121.17.72	18643.55	260-91-5262	4687493063767006
688	Gerald	Reede	1930-10-16	Male	116.129.212.89	72862.38	363-22-7619	9293667918289172
689	Chico	Watting	1996-08-31	Male	154.54.74.33	115913.40	804-58-8538	9045843202841559
690	Mariellen	McJarrow	1970-09-12	Female	3.72.45.100	43688.62	526-98-4548	9446107349526742
691	Thibaud	Walker	1984-09-18	Male	99.65.52.109	108781.94	503-89-5943	4223578814097492
692	Janice	Drayton	1997-07-28	Female	94.232.44.161	104625.13	665-89-1081	8746738225989577
693	Napoleon	McWhorter	1974-10-29	Male	152.37.199.97	39355.13	554-27-2731	7711372720103805
694	Janette	Kail	1989-03-28	Female	70.140.19.108	87445.22	186-78-4628	3199320488296743
695	Archer	Magwood	1926-10-29	Male	184.104.232.168	87882.29	885-79-3497	7862370836030359
696	Haleigh	O'Cannon	1966-11-11	Male	168.118.37.128	119055.53	854-63-6412	7880490265977952
697	Genvieve	Ludvigsen	1941-01-10	Female	188.162.38.231	178607.38	774-74-7728	5390655283045175
698	Paulo	Shaves	1995-01-08	Male	36.108.135.163	151884.32	638-25-4803	3508953686930163
699	Laurens	Imos	1958-02-09	Male	255.61.156.12	182642.78	858-61-1763	5818144876761993
700	Ronda	Beverage	1938-12-22	Female	200.137.1.46	181334.40	694-41-3837	9146006247230399
701	Kattie	Auchterlony	1966-12-01	Female	190.114.201.77	184005.78	161-37-8786	8340090122685196
702	Johnette	Doogan	1930-08-26	Female	193.238.35.149	158422.62	511-24-0982	7956863373405784
703	Parke	Geldeard	1973-10-05	Male	206.220.134.143	27783.26	753-53-3881	4616539986056672
704	Cam	Maciaszek	1959-06-24	Female	240.122.90.40	41193.10	214-53-3766	5816022578535150
705	Karoly	Tripet	1957-02-09	Male	37.28.53.126	115200.85	191-76-5354	6103967283574181
706	Cyrille	Kinnier	1943-04-01	Male	73.222.31.237	79894.15	764-24-8262	79409641911252
707	Reynolds	Aylmer	1999-08-08	Male	208.43.25.37	147611.92	362-08-6614	522411206233797
708	Catharina	Warbey	1992-12-09	Female	65.45.46.36	106159.13	239-74-3591	275765132434070
709	Genovera	Chiene	1996-12-15	Female	20.250.148.163	105239.82	179-27-2163	9537142531975064
710	Gabey	Grimbaldeston	1963-04-17	Female	35.86.217.177	43066.73	609-80-9700	1361116564872472
711	Ilka	Davoren	1998-12-19	Female	196.245.20.16	158860.97	180-15-8563	660850247204793
712	Leanor	Mc Carrick	1997-02-05	Female	252.190.147.61	151881.46	838-28-0717	7304825262580061
713	Serena	Allingham	1958-11-27	Female	70.238.244.237	124964.60	689-79-9074	7719324285999157
714	Fredric	Jakobssen	1986-06-20	Male	232.186.16.218	101132.96	649-36-6636	8251002315537008
715	Pyotr	Volonte	1971-06-22	Male	131.6.133.224	120030.13	192-71-2894	1947098557325683
716	Monte	Keneforde	1945-03-23	Male	189.149.125.157	44125.90	658-17-2072	2193244411970152
717	Kai	Currao	1935-03-16	Female	110.39.77.247	51635.46	367-01-8469	1050713710774360
718	Issiah	Gonin	2000-05-18	Male	48.130.196.205	182088.47	515-33-3318	8802230961323487
719	Garik	Docker	1980-02-17	Male	86.148.125.23	109966.52	444-32-5471	2160195517962657
720	Tabor	Ginman	1963-07-09	Male	246.188.206.166	71921.76	383-86-9342	7473612646537614
721	Doralin	Lipprose	1986-08-30	Female	3.4.103.86	23646.59	331-13-9624	4494639991519414
722	Valaree	Rutigliano	1980-08-17	Female	160.16.154.39	128212.20	167-13-8750	2854144039515302
723	Kennie	Michelotti	1983-06-16	Male	173.164.109.30	145628.60	625-44-5754	5760563365339429
724	Bev	Cundict	1943-05-16	Male	207.158.92.219	139856.22	183-70-4751	1628923909479407
725	Noelle	Teal	1947-12-23	Female	183.255.172.254	165839.22	531-31-4979	2643276204971484
726	Corissa	Cisson	1927-01-03	Female	115.117.194.157	138371.19	318-44-6743	7643490953984720
727	Octavius	Gillions	1920-04-28	Male	159.203.92.255	116775.11	806-78-5519	9062608139506057
728	Friedrick	Popley	1964-05-27	Male	76.111.90.244	178358.12	486-26-0824	6335903141153439
729	Ernie	Tabbernor	1917-08-01	Male	39.60.200.107	31854.96	368-69-8171	6113843088033166
730	Nonna	Tabord	1984-10-26	Female	67.51.208.32	103386.02	617-91-0450	2246403705027152
731	Cirillo	Dorian	1964-08-26	Male	149.223.223.27	169008.70	800-21-6682	7817706260541504
732	Fredek	Baseley	1988-10-23	Male	241.47.53.164	85164.38	311-39-5967	3378031974385892
733	Dorothy	Teodorski	1929-05-17	Female	101.230.162.72	195844.61	236-02-8910	300754218981130
734	Laural	Symonds	1937-12-25	Female	133.65.80.163	27094.49	326-94-6880	9873366688482294
735	Raphael	Dislee	1952-05-11	Male	127.254.93.43	88953.50	441-92-8609	3618007668037560
736	Jarid	Mellhuish	1962-05-11	Male	75.249.67.148	60340.64	305-30-1836	6423097831709402
737	Nate	Shildrake	1942-03-21	Male	149.90.145.232	92868.97	389-36-3702	2387360473534957
738	Nevil	Clemente	2000-12-15	Male	160.249.217.233	65002.05	468-83-6918	2903681295564315
739	Franchot	Groven	1960-10-04	Male	102.234.20.110	133451.94	687-95-1298	3246909187614434
740	Ninon	Kleinpeltz	1943-09-04	Female	132.0.113.47	187744.84	231-21-0681	5398702210151592
741	Candida	Ferrieri	1942-07-19	Female	231.24.111.68	133553.65	881-18-4107	3137280058441295
742	Ruperta	Pagnin	1963-01-30	Female	127.202.97.162	132327.92	305-50-0536	9382786325374101
743	Kristoffer	O'Keefe	1939-07-23	Male	128.125.91.210	197597.48	409-88-1383	2477418113894069
744	Lianne	Peal	1954-12-18	Female	24.195.90.150	123372.54	203-73-4342	1907043362247857
745	Derrik	Rossborough	1985-11-20	Male	169.250.137.144	63994.92	357-51-9098	8125926467353444
746	Fulton	Dowgill	1945-10-07	Male	25.52.224.191	18879.77	376-73-7794	7296095764517357
747	Kahlil	Kantor	1966-12-20	Male	224.134.37.230	142683.82	180-78-7279	5506564155736549
748	Beauregard	Atheis	1928-12-02	Male	103.162.19.123	131088.88	533-57-6785	2452777222288223
749	Iggie	Harbron	1957-05-24	Male	111.81.58.149	105551.18	433-67-7700	4322433245251023
750	Nealy	Rosenbusch	1950-10-25	Male	236.35.163.40	131194.98	199-15-2966	9163959696287851
751	Nanny	Yerrell	1931-03-25	Female	140.229.94.21	186120.23	813-66-2989	6189795563481845
752	Jacob	O'Haire	1962-11-27	Male	206.146.212.105	140582.73	793-59-2040	760612364575407
753	Thedric	Hamelyn	1933-05-20	Male	94.12.160.177	71204.55	670-46-3080	1098495712985261
754	Harli	Hurich	1970-06-24	Female	41.170.45.241	68422.01	683-10-8266	7440335680845857
755	Hilliary	Stopher	1965-10-03	Female	102.67.198.165	98213.30	557-57-5341	8541776928837071
756	Damien	Pover	1989-10-13	Male	24.249.144.248	62743.42	384-65-0896	1263089479330937
757	Hermione	Wrightson	1968-12-16	Female	16.63.91.234	84235.84	792-78-6752	4284557172791820
758	Marrissa	Hedley	1979-01-11	Female	253.249.232.92	94983.06	455-28-4820	6360614811580793
759	Emile	Tease	1920-05-14	Male	246.28.8.152	93194.26	233-30-4034	7803044888732198
760	Arnold	Hayhow	1973-07-16	Male	5.162.213.252	69289.28	479-13-7403	8668209435947774
761	Augy	Tellenbroker	1998-10-21	Male	217.251.164.60	45186.28	364-39-8533	2349711211506721
762	Ebba	Toffetto	1987-12-12	Female	187.30.146.133	113611.38	248-84-7479	1442936019228575
763	Hastie	Jerwood	1978-05-19	Male	248.136.97.44	46437.30	335-68-3293	8188776704763520
764	Rabi	Jaquin	1933-11-05	Male	128.20.187.55	42977.63	734-20-8806	5946003244065770
765	Dolly	Coot	1987-11-28	Female	32.183.82.163	50679.71	510-03-5315	8561657314535623
766	Eadie	Cattanach	1938-03-11	Female	41.181.170.160	149452.82	188-87-5887	9921252805989170
767	Lorens	MacCheyne	1984-12-31	Male	125.160.52.169	186981.45	147-10-2021	3255776125852757
768	Flossi	Bordone	1928-12-15	Female	154.0.176.147	199331.98	678-63-9447	7436666543575170
769	Norry	Daye	1923-06-20	Male	250.147.242.234	37973.29	789-04-3567	5866409912210913
770	Cassandra	Czyz	1944-10-21	Female	183.187.191.192	30961.35	744-92-1513	5576340837098423
771	Albina	Goodlud	1946-02-08	Female	120.111.191.37	133060.29	895-06-2366	3663574809534724
772	Filberte	Studman	1935-05-18	Male	36.53.58.63	27321.76	237-53-2957	4883491679204546
773	Welsh	Briggs	1970-11-29	Male	221.109.159.39	154034.16	319-85-4002	7726582949904234
774	Horacio	Grinin	1983-12-05	Male	199.202.107.31	139685.76	733-42-9087	7430926679115142
775	Chas	Bediss	1952-03-11	Male	206.157.59.79	77637.64	465-37-6491	1359246961404798
776	Maggy	Hunton	1925-02-09	Female	40.93.134.17	100643.07	837-24-7951	1158963494012103
777	Kahlil	Coon	1936-05-22	Male	140.5.88.49	59153.97	560-08-6515	3828610451666071
778	Niko	Yell	1935-08-30	Male	143.234.230.19	49907.38	597-96-1405	4760296182251867
779	Urbain	Eblein	1934-01-20	Male	65.63.49.195	112742.08	229-97-7599	5788208915088478
780	Dorey	Windrum	1964-04-19	Female	75.142.80.161	182077.78	732-62-8923	7070005630027913
781	Rhody	Glandon	1950-04-05	Female	232.192.161.235	86351.41	847-98-1526	7331941434066907
782	Hadleigh	Ashplant	1983-07-28	Male	11.233.127.56	27630.90	606-19-7799	1270939825886056
783	Hannie	Josuweit	1950-06-11	Female	173.94.244.185	182368.18	595-56-7968	3185654271869517
784	Sadie	O' Liddy	1947-06-18	Female	139.66.82.40	61605.72	847-53-3478	9087391058647625
785	Marsha	Walden	1987-05-16	Female	170.50.228.95	176124.59	533-17-0627	9461602300997963
786	Kay	Hubbis	1993-05-26	Female	2.16.122.239	37249.33	348-99-1968	1969529758829401
787	Dwain	Vasechkin	1989-08-15	Male	126.84.26.184	72629.90	272-76-4255	7932145427198554
788	Gustave	Robertsen	1962-06-18	Male	64.42.208.191	103201.61	441-53-2913	6544213086526651
789	Giacomo	Gorges	1953-11-30	Male	68.237.56.234	79446.47	320-13-1283	4672283427409038
790	Lawry	Ferronier	1997-01-30	Male	190.223.129.175	164537.47	657-47-3959	5145892741364104
791	Bobina	Methringham	1976-07-29	Female	186.144.49.52	159207.09	255-97-6385	8130958797142604
792	Amalie	Evill	1950-03-30	Female	192.96.141.97	157816.47	500-14-0680	324083895450088
793	Rodolphe	Clows	1991-01-16	Male	52.114.47.187	177175.43	493-15-6762	4424453353814072
794	Audie	VanBrugh	1934-10-18	Female	203.39.174.190	108172.23	750-64-1641	5899165945725350
795	Arvie	Surman	1968-01-03	Male	13.232.54.155	157462.38	810-30-3664	7363687407139568
796	Brannon	Gorham	1970-06-04	Male	162.31.102.93	109690.61	670-45-2363	6359943035804629
797	Ernesta	Redihalgh	1940-11-07	Female	56.154.35.231	153503.56	449-91-9226	5131461429652255
798	Kincaid	Hopkins	1998-04-18	Male	187.192.100.196	160461.38	761-92-4802	6642570467834218
799	Vincent	Bartczak	1934-04-07	Male	102.137.108.96	142954.97	595-13-0810	5218932328769998
800	Chevalier	Ledrun	1999-03-08	Male	197.241.76.236	170363.15	539-80-7891	5197350399466408
801	Linc	Seleway	1979-06-10	Male	87.92.138.115	165458.40	680-21-8058	8206107417706989
802	Suzette	Wadley	1977-11-03	Female	168.157.132.168	190124.79	146-16-6806	174476708766553
803	Lynnell	Beneyto	1952-12-22	Female	224.186.170.242	127364.66	320-19-9694	4530639420625897
804	Maegan	Stucksbury	1937-01-29	Female	142.68.206.102	178741.20	621-27-0730	1788054269512694
805	Rickie	Wharram	1975-06-14	Male	5.60.51.196	139647.38	164-83-0834	7357897873969036
806	Lilly	Tabb	1994-10-22	Female	170.72.145.202	18031.72	655-75-4530	6840215799963789
807	Ade	Bewlie	1979-05-30	Male	207.6.43.180	55440.72	313-88-3505	3499070083208080
808	Karlen	Chimenti	1977-04-15	Female	135.237.186.10	124126.13	716-70-7576	5264787784479981
809	Rodge	Joskovitch	1999-04-06	Male	45.63.17.108	54987.06	800-12-1392	1241894529094232
810	Ray	Stockau	1926-08-25	Male	108.110.18.84	113982.02	801-77-2758	3369823644719873
811	Robinetta	Shrieve	1987-01-22	Female	212.152.60.61	40366.06	143-47-6902	5887212679410927
812	Andreas	Offa	1971-11-07	Male	223.124.136.75	64378.15	495-64-1668	7612935679467765
813	Kristy	Bayns	1962-02-17	Female	131.171.63.52	112473.00	208-73-3158	6443387865804443
814	Paul	Burgoyne	1994-12-15	Male	103.76.206.94	171119.76	377-88-8472	3389113917664054
815	Farleigh	Endacott	1998-11-26	Male	99.0.230.101	77159.81	803-80-7897	4492233576430799
816	Balduin	Jersh	1992-03-10	Male	184.181.168.178	54747.43	707-55-4651	2180680798668998
817	Kerrill	Sibary	1950-09-08	Female	238.114.68.12	75458.60	441-31-0371	1501999258628245
818	Hussein	Wybourne	1979-02-11	Male	125.18.164.226	50981.37	709-28-8107	96468286969767
819	Reinwald	Quilligan	1955-12-09	Male	139.177.1.166	107910.93	603-02-5604	7520134720870287
820	Leeanne	Eaden	1971-07-28	Female	135.189.143.103	58068.81	420-52-0735	6639393121134787
821	Haslett	Connock	1968-09-09	Male	149.121.60.184	115782.86	759-68-9837	402090159647007
822	Stephen	Braisby	1932-03-03	Male	238.41.198.108	77178.60	663-91-6642	8603742928237208
823	Gwen	Anderson	1978-08-31	Female	205.232.115.133	167381.00	816-66-9905	6374040578655219
824	Gerri	Tuberfield	1925-06-28	Male	114.176.161.89	186340.30	207-88-1556	6549512714341269
825	Piotr	Grigoryev	1996-07-28	Male	206.183.58.39	34776.68	685-65-9974	1683432597661768
826	Bradney	Satford	1971-08-28	Male	242.59.42.101	32772.25	656-34-1937	3629678990410763
827	Becki	Foxworthy	1985-07-03	Female	182.171.53.6	176581.86	685-52-2137	5198157005708932
828	Buck	Benoix	1942-04-19	Male	122.164.198.93	158024.31	292-16-8633	8289346020770742
829	Jeremy	Jacks	1980-01-02	Male	49.244.172.169	189796.54	502-24-3737	5379489932024768
830	Keene	Watts	1987-08-05	Male	161.106.206.86	16530.51	766-10-1122	5393653419749383
831	Abe	Vandrill	1934-03-13	Male	200.170.232.34	101876.08	465-86-6068	6699621933325301
832	Emelina	Playdon	1927-09-20	Female	212.93.69.134	35067.07	252-01-6920	2791876578596120
833	Jacky	Fairhall	1961-07-18	Female	242.30.226.32	155313.79	873-41-9214	661444244450474
834	Brier	McLeman	1930-11-26	Female	190.56.49.232	187059.72	833-94-0723	262913727404629
835	Burgess	Volker	1950-01-25	Male	9.222.8.203	151474.58	493-01-6073	5582749889955108
836	Walther	Bartot	1939-05-05	Male	234.111.174.152	147259.36	838-61-6290	6402895743519336
837	Hana	Western	1979-10-20	Female	201.187.142.197	178976.13	880-41-5254	42795369778126
838	Alphard	Sewter	1970-06-21	Male	156.218.109.255	166378.98	138-10-1560	5125392473288364
839	Denys	Petroulis	1975-11-02	Male	71.49.179.68	139259.07	791-08-3767	7687035075009515
840	Urban	Calafate	1933-09-02	Male	233.67.115.30	55130.89	301-35-4888	3533334215172328
841	Olivier	Runham	1918-09-09	Male	42.100.100.135	85883.74	853-80-8714	8926436192155499
842	Beryl	Coleiro	1963-04-21	Female	184.24.15.198	137138.59	302-98-0691	9174671520435105
843	Maximo	Carlisi	1952-08-01	Male	139.137.74.49	84490.42	553-47-8806	4216017011576121
844	Inigo	Hurch	1981-07-10	Male	87.144.204.236	18335.00	785-95-9630	6614747223935528
845	Annice	Shakelady	1959-06-08	Female	255.193.209.210	185793.41	547-21-0835	7219831101453044
846	Myriam	Lambertson	1989-09-18	Female	64.174.42.139	19183.20	849-25-8109	6409478270255075
847	Travis	Baford	1950-04-13	Male	193.5.213.181	49407.77	232-05-6931	6663198005023703
848	Hanna	Oxer	1949-02-18	Female	84.132.158.246	111228.42	377-54-0422	3011862405653575
849	Ripley	Soeiro	1952-12-21	Male	65.241.20.238	119179.73	624-58-3175	8406271341730968
850	Ciel	Thaw	1989-10-12	Female	133.216.166.65	135869.65	459-62-7104	1446297722688943
851	Lindy	Dovinson	1950-11-27	Male	223.235.30.52	116274.03	334-99-8052	8925126684265912
852	Arny	Duignan	1955-11-19	Male	31.228.21.91	48869.61	784-93-6200	2691841219305894
853	Evangelina	Bechley	1973-04-18	Female	105.19.174.35	87546.67	879-16-6265	2453427084610474
854	Jeffry	Lanegran	1965-10-22	Male	15.204.158.151	112168.40	261-95-9152	4349388265395944
855	Davey	Szymczyk	1924-12-22	Male	141.13.9.202	55462.65	227-81-9612	1289755472453929
856	Susannah	Matanin	1991-07-12	Female	212.97.60.170	162317.61	424-73-8367	6488602147154579
857	Joceline	Cristoforetti	1955-07-08	Female	223.199.47.49	122975.70	112-45-5565	3910175661307102
858	Heda	Tinman	1980-11-09	Female	6.215.235.13	166945.39	587-38-9568	4032016740434977
859	Donnie	Landsbury	1970-04-09	Male	127.85.170.153	180378.56	218-45-1889	1930078783439742
860	Nicky	Phare	1945-11-07	Male	2.190.12.65	74147.90	534-36-5093	5450927525242175
861	Annie	de Merida	1985-12-16	Female	252.125.224.182	116282.88	871-97-7811	9997827175230561
862	Xylina	Quarles	1973-04-25	Female	14.211.135.17	111971.27	361-70-1108	2450606960399271
863	Cathee	Philipeau	1976-10-25	Female	180.139.141.25	139031.95	343-92-2543	9461521809532528
864	Carina	Budnik	1993-02-24	Female	154.63.157.153	165223.43	715-66-6816	832739582944536
865	Hortense	Tabord	1939-12-26	Female	209.236.65.5	101215.48	582-40-4743	6244754280742386
866	Cody	Spivie	1923-08-04	Male	60.86.45.62	23414.87	456-05-9218	6034131879972277
867	Angy	Sedge	1970-12-08	Female	126.169.19.2	116628.54	385-79-4576	8078806155398432
868	Caresse	Bolter	2001-09-28	Female	6.69.9.109	167696.27	361-15-5510	7252402330905739
869	Stella	Mayfield	1951-08-05	Female	45.245.72.183	96895.49	122-16-3164	4302529747856755
870	Traver	Godbolt	1938-09-05	Male	203.230.45.135	148273.33	202-47-8709	9588828109424414
871	Ravi	Bolt	1919-03-16	Male	234.1.2.26	46258.15	640-75-3006	5126427615065359
872	Even	O'Spellissey	1950-07-07	Male	7.242.209.115	19573.87	122-97-5196	1640209055132959
873	Samson	Lippiello	1972-12-02	Male	191.156.186.180	15723.03	545-89-3038	1966697217782800
874	Ciel	Crosscombe	1940-06-26	Female	70.192.102.164	103302.63	824-05-7156	2158256707333461
875	Maurice	Petrak	2001-03-04	Male	51.108.200.109	85948.23	822-31-5572	4848686971942685
876	Stesha	Dainton	1956-09-10	Female	250.141.30.238	135796.56	235-28-3787	6378830585851212
877	Cordie	Barkes	1949-12-02	Female	201.17.108.44	106267.25	715-58-1796	373245777293003
878	Jamil	Cristofano	1990-07-19	Male	3.175.38.66	59119.12	795-04-0452	5643126537782780
879	Viv	McKyrrelly	1935-12-19	Female	175.136.126.8	114678.39	303-88-4227	3170420929077869
880	Alvy	Helleker	1926-01-21	Male	28.77.15.122	106348.52	591-14-1235	8616067190963718
881	Sigismondo	Rakestraw	1936-07-13	Male	47.18.173.111	42502.31	423-50-8665	3251425903415768
882	Madelyn	Soffe	1986-07-19	Female	196.172.150.254	31938.41	857-20-5918	492115012779884
883	Gran	Baggelley	1982-03-08	Male	34.146.150.149	147789.90	866-18-9514	9242339284454571
884	Dianna	MacQuarrie	1947-09-24	Female	188.236.229.55	138644.95	853-48-7789	2500365291977861
885	Alon	Dundridge	1970-09-13	Male	176.126.250.221	34827.46	524-02-4744	7159022814011095
886	Banky	Idiens	1976-07-03	Male	105.99.13.79	65489.35	435-09-3581	4254982417940968
887	Filbert	Frift	1958-11-27	Male	113.206.28.158	67466.38	820-18-1570	7465099037128101
888	Britt	Lemmer	1938-05-05	Female	138.76.60.218	188069.07	882-06-2470	8857003406734972
889	Lorne	Ropking	1993-09-03	Female	41.195.190.108	179291.43	894-83-8590	2155220730127476
890	Tansy	Pottery	1983-02-03	Female	188.95.168.34	73593.66	553-16-3756	7126672145106588
891	Meryl	Boyet	1977-10-28	Male	254.246.86.230	141169.12	148-25-4642	4082529184058126
892	Christoffer	Garwill	1957-10-18	Male	119.236.18.195	42659.87	589-20-8371	1532575566763807
893	Lyndell	Hogbin	1950-05-21	Female	255.255.179.159	35055.60	582-63-3731	8264467556633586
894	Magdaia	Tegler	1962-08-08	Female	146.192.7.50	155949.26	359-29-9530	4338013909872405
895	Ammamaria	Camp	1975-07-25	Female	55.23.81.214	94502.07	868-19-1294	2682604978833654
896	Eleen	Robson	1968-01-04	Female	195.52.55.75	37306.44	615-49-8968	172205712029255
897	Simona	Irvin	1978-06-17	Female	164.18.182.79	168818.99	221-98-3945	5648745031515103
898	Shanda	Piletic	1958-07-10	Female	134.190.158.87	173463.83	726-45-3862	3447433884604039
899	Jacques	Ferrieri	1999-12-06	Male	123.235.38.81	69225.85	449-28-9114	3208895471896138
900	Meggi	Advani	1949-12-10	Female	48.133.203.103	82620.00	593-80-1143	2737202580100117
901	Shawn	Simeon	1960-10-04	Male	108.18.122.210	165626.08	210-41-2262	1198296180831667
902	Birch	Jone	1944-02-25	Male	42.163.56.88	106737.27	132-87-3441	1403466309079486
903	Alphonso	Cadalleder	1936-08-04	Male	50.42.18.190	78538.11	283-95-1094	3197273313263909
904	Peri	Smedley	2000-02-19	Female	35.74.239.11	80876.01	374-86-9319	3362265735943685
905	Pall	Player	1930-06-22	Male	226.217.176.35	75133.06	158-66-7357	2580255066246428
906	Alexandros	Royl	1939-11-22	Male	102.197.161.254	145412.35	409-01-8232	3582114469858509
907	Ramsay	Bottoner	1946-12-18	Male	173.205.194.215	53545.78	728-45-7089	903701385558428
908	Farrah	Ducham	1979-11-28	Female	23.9.158.108	167992.81	390-80-0298	7687194520337658
909	Eddi	Matthesius	1948-04-03	Female	115.158.254.0	92768.94	746-74-2185	9220947892344687
910	Sephira	Llewellin	1986-11-07	Female	129.24.253.102	34710.53	105-03-0782	3223649048532085
911	Rona	Foort	1993-10-29	Female	71.169.214.10	48507.11	336-48-1959	7212251582955504
912	Orelee	Mewett	1999-05-17	Female	5.165.68.133	160446.30	846-90-8785	4650883535829397
913	Nels	Witchalls	1960-11-01	Male	42.38.212.139	67731.11	547-83-0699	3536279464591355
914	Norrie	Delgado	1932-09-21	Female	247.166.137.50	47074.91	769-20-9096	6878016614863684
915	Nap	Couvet	1936-09-29	Male	188.242.113.227	145297.27	742-41-5281	3528758022852182
916	Shayna	Nendick	1953-02-26	Female	23.183.84.61	69122.26	686-13-8850	8689009873953580
917	Florie	Sinnett	1973-10-16	Female	37.73.24.120	133459.68	341-32-8514	2205685394112437
918	Kayne	Tupling	1942-02-21	Male	163.48.151.234	113035.79	813-85-7578	4520393902556898
919	Spike	Gabbott	2000-11-27	Male	22.130.92.48	113711.00	851-86-9162	2353613511699315
920	Johnny	Gorst	1920-09-26	Male	135.75.127.101	188370.24	713-60-0847	4635494088002022
921	Frankie	Meneely	1928-06-07	Female	57.2.105.24	155928.71	462-11-1541	3862242369068418
922	Trefor	Porkiss	1979-07-18	Male	253.144.184.39	185751.16	319-28-2846	9053555037282293
923	Kane	Frigot	1951-01-22	Male	131.11.219.84	55383.38	648-44-4143	1586907600534611
924	Putnam	Bales	1932-01-29	Male	92.86.245.213	196907.17	327-87-4376	3023481746635656
925	Camile	Gunderson	1920-12-20	Female	243.1.206.251	46135.66	789-62-9099	3822082974378300
926	Michele	Dinnage	1943-03-02	Male	245.2.178.135	44195.96	222-75-2588	8793038980013462
927	Garwin	Hardiman	1934-02-21	Male	181.253.126.126	132442.30	899-48-7895	1041440261171226
928	Leelah	Salvadori	1965-05-18	Female	26.241.208.228	157648.72	200-82-0026	5459921701186804
929	Doti	Lamba	1972-01-16	Female	151.247.91.25	80236.92	582-55-8358	5496774843952953
930	Barth	Kirvell	1939-01-15	Male	33.16.23.203	162852.30	887-02-7705	9990940331062022
931	Yovonnda	Bothie	1936-05-20	Female	217.59.204.207	21041.23	398-10-5977	25441456047943
932	Cleve	Langlois	1942-12-06	Male	79.122.74.204	18163.10	390-10-0109	9144243353618336
933	Abel	Sparkes	1952-03-07	Male	196.0.160.22	188684.45	173-91-3832	7214420987241820
934	Aurelia	Brashier	1985-05-30	Female	77.249.176.83	15648.05	429-51-1681	3375548639281675
935	Sybyl	Camillo	1919-12-26	Female	152.37.169.59	103343.54	718-97-3633	5249748639383861
936	Helsa	Bartosek	1973-10-04	Female	178.221.93.138	158084.38	392-59-8727	8606640186797672
937	Patrizius	Huntress	1966-03-08	Male	207.184.54.84	58461.18	898-24-2387	3152204676293325
938	Dorothee	Donnan	2001-09-30	Female	211.203.156.91	180029.99	438-49-0311	4056664624044238
939	Al	Vinter	1988-07-02	Male	240.104.183.229	38102.47	246-85-5656	3190789364496660
940	Brig	Antonelli	1943-08-17	Male	234.138.96.133	31486.99	278-63-5079	1440917232267082
941	Atalanta	Grogona	1985-09-16	Female	175.254.119.234	62735.61	319-96-6418	498105689515624
942	Marley	Girkins	1931-11-10	Female	207.83.80.237	90832.90	710-40-0907	9470513003299345
943	Lowrance	Smorfit	1995-08-12	Male	2.170.101.2	155781.39	744-94-1020	1018849798503011
944	Meryl	Andrassy	1980-10-02	Female	99.193.183.12	73010.50	307-14-1308	5135350552594456
945	Felice	McElhinney	1941-10-08	Female	39.79.45.216	147267.22	124-38-7187	4434853758308422
946	Romola	Purchall	1933-01-10	Female	255.201.148.23	82083.18	176-04-1772	284403936854829
947	Nickie	Mitcham	1991-06-18	Male	140.117.32.99	68112.03	591-37-5098	7897787963893064
948	Corbie	Hourihan	1959-08-22	Male	76.92.144.123	52456.04	725-25-0691	5023612412767864
949	Barbee	Bearsmore	2000-05-30	Female	137.54.44.50	192889.82	122-73-6685	1045976074351044
950	Jemmie	Ibbott	1941-05-06	Female	107.180.136.254	195288.90	286-83-3287	5874623544771031
951	Valdemar	Learmond	1937-09-14	Male	40.57.242.226	50849.96	837-43-1697	1059485225606401
952	Germana	Easterby	1984-02-13	Female	100.97.13.239	96274.81	169-55-8450	6009139748936171
953	Rubetta	Trassler	1938-02-13	Female	157.205.16.22	35124.48	559-11-8887	42940511746281
954	Beatrix	Tuffs	1921-06-30	Female	161.55.202.71	103919.26	296-90-7638	4854170251566140
955	Ellis	Moon	1935-06-29	Male	53.221.100.41	187190.48	183-54-0757	3846612091363268
956	Sully	Sheasby	1968-05-19	Male	44.243.205.152	118942.07	559-01-3036	6991816829688841
957	Vite	Sagerson	1948-05-08	Male	22.7.21.57	139961.67	343-04-9771	7437270017780089
958	Teddy	Renne	1951-12-17	Male	161.225.156.208	196889.87	489-16-4943	3765758991811250
959	Angelique	Brisker	1991-01-17	Female	3.213.51.181	57925.06	187-87-7969	584880410037404
960	Noel	Imlacke	1935-08-10	Male	198.228.160.138	47772.87	875-51-2456	8160590102434271
961	Muhammad	Riddles	1959-04-11	Male	229.191.235.177	24401.55	631-47-8061	5720266730314475
962	Garvey	Book	1951-03-29	Male	178.152.211.52	121435.61	359-34-5071	40370401629840
963	Marika	Southcoat	1921-09-30	Female	249.83.209.100	110090.92	488-90-9064	8376470132739468
964	Berti	Vear	1986-06-27	Male	160.68.89.68	194234.90	600-80-7607	7515237273184798
965	Emmott	Lewer	1985-06-23	Male	38.73.158.23	61801.91	376-76-1248	3942443529460066
966	Elfreda	Campkin	1929-08-31	Female	59.100.142.63	166451.44	868-82-5487	4884891186493278
967	Veronique	Benaine	1974-01-08	Female	195.190.171.159	123286.59	588-41-1546	228701324068754
968	Concordia	McIlwrath	1926-10-21	Female	192.145.171.31	123814.96	757-59-1875	2831666568554145
969	Bendicty	Yablsley	1985-04-19	Male	230.34.35.158	151403.41	122-38-8895	2963227051068734
970	Eleanor	Iskov	1921-09-04	Female	173.133.239.218	100046.64	668-59-8443	2735834114371136
971	Layton	Cakebread	1937-05-14	Male	224.50.62.65	125770.00	733-89-8072	7152537966800421
972	Dorey	Jakel	1979-02-20	Female	162.183.238.177	86410.81	820-51-8547	15201588436787
973	Joelly	Ducastel	1974-09-10	Female	122.60.196.79	193257.37	494-01-4960	3720319969658376
974	Eveleen	Pallister	1999-09-07	Female	130.237.139.118	81404.85	483-75-9948	3048092962223128
975	Thurston	Francello	1917-07-23	Male	152.190.68.146	53126.95	463-03-0594	9379671102433095
976	Waiter	Stollenhof	1974-09-25	Male	71.249.207.250	157162.55	210-21-6192	4282014732110385
977	Charin	Muschette	1938-06-20	Female	253.34.4.217	75906.97	397-10-6064	4933922089888138
978	Phillipp	Swiffen	1973-04-17	Male	113.66.228.55	113054.24	777-44-4700	8706927180792438
979	Rudyard	Skittles	1922-08-06	Male	4.0.110.237	127493.70	254-62-8611	7539775742955319
980	Slade	Lilleyman	1996-07-01	Male	197.3.125.111	70269.45	153-12-6821	1089608054800656
981	Lynnett	Heminsley	1964-01-25	Female	170.21.72.117	162318.44	432-95-5157	5190591728998998
982	Ephraim	Wendover	2000-09-24	Male	57.15.44.99	109117.57	894-44-2691	2294759448187814
983	Claudia	Fouracre	1924-05-09	Female	55.236.167.218	21272.38	487-76-8006	5088123889443303
984	Julianna	Fydo	1977-03-23	Female	124.35.108.3	87113.21	408-66-6778	152937227730463
985	Lennie	Kures	1966-11-18	Male	124.10.123.103	121601.38	782-79-4664	6388342581012184
986	Winthrop	Gabriely	2000-09-01	Male	202.134.162.123	199646.43	757-41-8731	8631110554251043
987	Petrina	Bigg	1996-01-26	Female	225.239.78.122	164244.40	622-61-2052	5322695682911900
988	Karna	Kelsey	1923-12-02	Female	203.2.191.57	162449.31	196-02-0216	4373736559926798
989	Cristine	McConigal	1948-06-02	Female	99.107.148.133	57201.48	700-97-5242	1473394464221828
990	Alvie	Chittie	1992-09-22	Male	65.110.20.178	194444.72	135-28-4307	2469678540479485
991	Alethea	Daveran	1980-01-01	Female	105.168.49.97	97659.44	473-91-9803	3214095464199736
992	Lyndy	Ahern	1937-11-22	Female	169.99.141.2	191649.29	561-61-5126	1412733911690369
993	Bentlee	Elegood	1948-06-19	Male	16.238.230.139	185796.09	819-04-8411	9132722535833694
994	Jobie	Downes	1927-07-10	Female	167.153.115.180	173078.29	146-31-7013	8520584632552127
995	Alene	MacPike	1944-01-10	Female	71.2.35.34	146470.56	575-74-4829	4992477691451693
996	Gianni	Gleave	2000-11-21	Male	47.51.170.77	135276.75	802-26-8523	4329568757502005
997	Piggy	Kinchington	1964-06-14	Male	177.191.215.235	24842.09	562-98-9487	5782803251718558
998	Pietrek	Vasyanin	1971-09-05	Male	212.214.226.30	64896.85	173-99-9222	9679651450819125
999	Hagen	Coushe	1956-01-13	Male	57.141.212.222	47132.36	372-09-2613	5855372492414117
1000	Tiffy	Farrar	1986-10-29	Female	137.242.110.187	108179.03	854-20-3704	8365912751664822

